,open,high,low,close
2014-11-24,8.2673,8.3276,8.2571,8.3089
2014-11-25,8.3068,8.3393,8.2841,8.3284
2014-11-26,8.3265,8.3641,8.3099,8.3495
2014-11-27,8.3486,8.3674,8.2846,8.3147
2014-11-28,8.3143,8.3762,8.28,8.3598
2014-12-01,8.3458,8.3772,8.3024,8.3274
2014-12-02,8.3296,8.3394,8.2107,8.2107
2014-12-03,8.2116,8.2541,8.196,8.2158
2014-12-04,8.2165,8.2842,8.2028,8.2187
2014-12-05,8.2187,8.2562,8.1755,8.2132
2014-12-08,8.1997,8.2167,8.14,8.1896
2014-12-09,8.191,8.2581,8.1812,8.214
2014-12-10,8.2164,8.2806,8.2007,8.2474
2014-12-11,8.2468,8.3327,8.2403,8.3035
2014-12-12,8.3073,8.3099,8.2393,8.2625
2014-12-15,8.2939,8.3569,8.2505,8.2698
2014-12-16,8.2714,8.4214,8.2129,8.3678
2014-12-17,8.3616,8.3928,8.2408,8.277
2014-12-18,8.2772,8.2974,8.1674,8.1893
2014-12-19,8.1903,8.2262,8.1618,8.1811
2014-12-22,8.1688,8.1955,8.1014,8.1056
2014-12-23,8.1061,8.1632,8.0874,8.1323
2014-12-24,8.1281,8.1704,8.0908,8.1646
2014-12-25,8.1646,8.1897,8.1363,8.1775
2014-12-26,8.1781,8.1781,8.0832,8.0885
2014-12-29,8.1276,8.1763,8.0596,8.1111
2014-12-30,8.1043,8.1995,8.088,8.1789
2014-12-31,8.1904,8.1967,8.0571,8.065
2015-01-01,8.0854,8.1269,8.0791,8.088
2015-01-02,8.085,8.1011,7.9809,7.9858
2015-01-05,7.9521,8.0239,7.9409,7.982
2015-01-06,7.9813,8.0675,7.9734,8.0207
2015-01-07,8.0168,8.0219,7.9056,7.9356
2015-01-08,7.9334,7.943,7.7589,7.802
2015-01-09,7.803,7.8157,7.699,7.7102
2015-01-12,7.7635,7.7807,7.6675,7.6896
2015-01-13,7.6779,7.7862,7.6676,7.6819
2015-01-14,7.6796,7.7555,7.672,7.6777
2015-01-15,7.6792,7.6993,7.5186,7.6546
2015-01-16,7.6512,7.6566,7.56,7.6082
2015-01-19,7.6414,7.6483,7.5659,7.5659
2015-01-20,7.5692,7.6084,7.5256,7.5457
2015-01-21,7.5453,7.5883,7.4976,7.5373
2015-01-22,7.5362,7.5922,7.4355,7.4757
2015-01-23,7.4772,7.4951,7.3657,7.3715
2015-01-26,7.3355,7.4345,7.3242,7.3917
2015-01-27,7.3858,7.5171,7.3858,7.5047
2015-01-28,7.4943,7.5246,7.3828,7.3844
2015-01-29,7.3856,7.5261,7.3856,7.4699
2015-01-30,7.4712,7.5217,7.4614,7.4968
2015-02-02,7.5128,7.5227,7.4097,7.4256
2015-02-03,7.424,7.5276,7.409,7.487
2015-02-04,7.4817,7.5178,7.4427,7.4563
2015-02-05,7.4543,7.4963,7.4408,7.4919
2015-02-06,7.4841,7.5054,7.3505,7.3505
2015-02-09,7.3828,7.4478,7.3464,7.4276
2015-02-10,7.4334,7.5049,7.4068,7.4789
2015-02-11,7.4797,7.4966,7.413,7.4384
2015-02-12,7.4389,7.4637,7.3083,7.3553
2015-02-13,7.3563,7.3996,7.3546,7.3767
2015-02-16,7.3797,7.4233,7.3635,7.3893
2015-02-17,7.3842,7.4723,7.3713,7.4705
2015-02-18,7.4649,7.4838,7.3766,7.4306
2015-02-19,7.4302,7.458,7.3581,7.3764
2015-02-20,7.3778,7.4574,7.3637,7.4372
2015-02-23,7.4327,7.4367,7.3417,7.3835
2015-02-24,7.3838,7.4161,7.3623,7.399
2015-02-25,7.4075,7.4649,7.3773,7.461
2015-02-26,7.4576,7.4756,7.34,7.3403
2015-02-27,7.3429,7.4379,7.3392,7.387
2015-03-02,7.4044,7.4403,7.3785,7.4221
2015-03-03,7.4196,7.4909,7.4174,7.4682
2015-03-04,7.4696,7.5084,7.4468,7.4761
2015-03-05,7.4761,7.4868,7.4319,7.4848
2015-03-06,7.4838,7.4892,7.3521,7.4211
2015-03-09,7.3704,7.4151,7.3648,7.3791
2015-03-10,7.3808,7.3862,7.3157,7.3157
2015-03-11,7.3171,7.3472,7.2433,7.2803
2015-03-12,7.2728,7.3221,7.2196,7.2734
2015-03-13,7.2732,7.2992,7.2127,7.2277
2015-03-16,7.2229,7.2936,7.1952,7.2518
2015-03-17,7.2489,7.2725,7.2012,7.2115
2015-03-18,7.2041,7.2855,7.1032,7.2832
2015-03-19,7.2348,7.3244,7.1666,7.219
2015-03-20,7.2157,7.2649,7.1849,7.2367
2015-03-23,7.2421,7.338,7.1991,7.3251
2015-03-24,7.3243,7.3706,7.2835,7.3152
2015-03-25,7.3189,7.3709,7.3143,7.3536
2015-03-26,7.3551,7.4284,7.2899,7.305
2015-03-27,7.306,7.3174,7.2443,7.2823
2015-03-30,7.2755,7.2976,7.2519,7.2748
2015-03-31,7.2709,7.2815,7.2154,7.228
2015-04-01,7.2288,7.2731,7.1822,7.1937
2015-04-02,7.1927,7.2333,7.1663,7.19
2015-04-03,7.1901,7.287,7.1847,7.2457
2015-04-06,7.2708,7.3321,7.246,7.263
2015-04-07,7.26,7.2899,7.1736,7.1851
2015-04-08,7.1855,7.2406,7.1587,7.1637
2015-04-09,7.1604,7.1808,7.0805,7.0974
2015-04-10,7.1091,7.136,7.0525,7.0681
2015-04-13,7.0786,7.0889,7.0319,7.0759
2015-04-14,7.0766,7.132,7.0384,7.1077
2015-04-15,7.1075,7.1512,7.0749,7.1512
2015-04-16,7.1507,7.2792,7.1483,7.2527
2015-04-17,7.2539,7.2899,7.2065,7.242
2015-04-20,7.2403,7.2839,7.2177,7.2291
2015-04-21,7.2297,7.2984,7.1984,7.264
2015-04-22,7.2617,7.3089,7.2021,7.2031
2015-04-23,7.2022,7.3475,7.1873,7.3342
2015-04-24,7.3195,7.3819,7.3019,7.3537
2015-04-27,7.3549,7.3982,7.3345,7.3806
2015-04-28,7.3816,7.4232,7.3272,7.4214
2015-04-29,7.4209,7.6333,7.407,7.5957
2015-04-30,7.5947,7.7215,7.5856,7.6345
2015-05-01,7.6252,7.637,7.5602,7.5736
2015-05-04,7.577,7.6382,7.5417,7.5993
2015-05-05,7.5993,7.6136,7.5192,7.5907
2015-05-06,7.5883,7.7625,7.5802,7.7205
2015-05-07,7.7197,7.8461,7.7069,7.7615
2015-05-08,7.7365,7.7824,7.6957,7.7149
2015-05-11,7.7217,7.7467,7.6724,7.6983
2015-05-12,7.6973,7.7975,7.6883,7.71
2015-05-13,7.7099,7.8206,7.6771,7.754
2015-05-14,7.7517,7.7951,7.6765,7.6994
2015-05-15,7.6962,7.769,7.6291,7.7355
2015-05-18,7.7353,7.769,7.7152,7.7337
2015-05-19,7.7355,7.7355,7.604,7.6421
2015-05-20,7.6451,7.6755,7.5985,7.652
2015-05-21,7.6502,7.6792,7.6157,7.6172
2015-05-22,7.6177,7.7003,7.5541,7.5703
2015-05-25,7.5546,7.5739,7.5383,7.545
2015-05-26,7.5471,7.6158,7.5187,7.5493
2015-05-27,7.5494,7.5799,7.4726,7.5125
2015-05-28,7.5039,7.5565,7.4849,7.5503
2015-05-29,7.5502,7.5502,7.4649,7.4919
2015-06-01,7.4695,7.4773,7.4023,7.4102
2015-06-02,7.406,7.5749,7.406,7.5382
2015-06-03,7.5396,7.7245,7.5328,7.7123
2015-06-04,7.7088,7.7816,7.6917,7.7042
2015-06-05,7.7023,7.7323,7.5305,7.6157
2015-06-08,7.5963,7.7224,7.5757,7.7097
2015-06-09,7.7077,7.7313,7.6668,7.7157
2015-06-10,7.721,7.7676,7.6728,7.7348
2015-06-11,7.7311,7.8017,7.7071,7.7804
2015-06-12,7.78,7.8633,7.7492,7.8224
2015-06-15,7.8066,7.8625,7.7849,7.8503
2015-06-16,7.8466,7.875,7.8146,7.8538
2015-06-17,7.8547,7.921,7.8131,7.9123
2015-06-18,7.9176,7.9377,7.8317,7.8459
2015-06-19,7.8454,7.8573,7.7765,7.8289
2015-06-22,7.8219,7.8475,7.7871,7.7977
2015-06-23,7.7974,7.8023,7.6856,7.7006
2015-06-24,7.7035,7.7444,7.6898,7.7101
2015-06-25,7.7103,7.7394,7.6931,7.7059
2015-06-26,7.7057,7.7119,7.6371,7.6539
2015-06-29,7.5686,7.7855,7.5515,7.7478
2015-06-30,7.7486,7.7571,7.657,7.6686
2015-07-01,7.6665,7.6953,7.5887,7.5949
2015-07-02,7.5865,7.6083,7.4908,7.4935
2015-07-03,7.4993,7.5374,7.4935,7.5297
2015-07-06,7.4842,7.5116,7.442,7.4831
2015-07-07,7.4828,7.483,7.4152,7.4628
2015-07-08,7.4619,7.5243,7.4385,7.511
2015-07-09,7.4996,7.5352,7.4338,7.4739
2015-07-10,7.4822,7.5486,7.475,7.5239
2015-07-13,7.4888,7.5436,7.4537,7.4853
2015-07-14,7.4839,7.491,7.4205,7.4462
2015-07-15,7.4433,7.478,7.4206,7.4759
2015-07-16,7.4801,7.4801,7.4206,7.4261
2015-07-17,7.4268,7.443,7.3322,7.3361
2015-07-20,7.3301,7.4033,7.3218,7.3833
2015-07-21,7.3858,7.4567,7.3529,7.4463
2015-07-22,7.446,7.4564,7.3644,7.3986
2015-07-23,7.4007,7.4594,7.3965,7.4499
2015-07-24,7.4482,7.4695,7.4279,7.4575
2015-07-27,7.4676,7.5711,7.4362,7.5468
2015-07-28,7.542,7.5563,7.4345,7.4454
2015-07-29,7.465,7.4715,7.3824,7.3899
2015-07-30,7.3917,7.4356,7.3786,7.4286
2015-07-31,7.4275,7.5209,7.4181,7.4361
2015-08-03,7.4289,7.4309,7.3892,7.3925
2015-08-04,7.3925,7.4111,7.3201,7.3254
2015-08-05,7.3254,7.3354,7.2775,7.3098
2015-08-06,7.3181,7.3411,7.2616,7.2863
2015-08-07,7.2863,7.3023,7.2328,7.2591
2015-08-10,7.2695,7.3533,7.2587,7.34
2015-08-11,7.3346,7.4235,7.3221,7.4152
2015-08-12,7.4264,7.5664,7.4141,7.5305
2015-08-13,7.5313,7.7133,7.5039,7.7043
2015-08-14,7.7057,7.7168,7.6239,7.6479
2015-08-17,7.6421,7.6827,7.6287,7.6683
2015-08-18,7.6673,7.6815,7.6401,7.6528
2015-08-19,7.6537,7.6699,7.5964,7.6339
2015-08-20,7.6344,7.7149,7.6344,7.6884
2015-08-21,7.6893,7.8954,7.6853,7.8866
2015-08-24,7.9052,8.1142,7.8823,8.076
2015-08-25,8.0837,8.1022,7.8229,7.9082
2015-08-26,7.9018,7.949,7.7605,7.7977
2015-08-27,7.7952,7.8216,7.752,7.7974
2015-08-28,7.7979,7.8588,7.7845,7.8258
2015-08-31,7.8288,7.8848,7.8135,7.8497
2015-09-01,7.8479,7.889,7.8244,7.8736
2015-09-02,7.8711,7.8728,7.8142,7.8494
2015-09-03,7.8511,7.9277,7.8369,7.8566
2015-09-04,7.857,7.9112,7.8519,7.8994
2015-09-07,7.9109,7.9331,7.8757,7.9075
2015-09-08,7.8848,7.9246,7.8755,7.8995
2015-09-09,7.9,7.9217,7.8478,7.9169
2015-09-10,7.9147,7.9653,7.8915,7.9489
2015-09-11,7.947,8.0673,7.9273,8.0654
2015-09-14,8.0642,8.0893,8.0093,8.0223
2015-09-15,8.0222,8.0636,7.9818,7.9951
2015-09-16,7.994,8.0688,7.9848,8.0493
2015-09-17,8.0528,8.095,8.0017,8.0788
2015-09-18,8.0588,8.0823,7.97,7.9904
2015-09-21,7.9781,8.0006,7.8463,7.8484
2015-09-22,7.8539,7.8877,7.7912,7.8349
2015-09-23,7.8351,7.8776,7.8194,7.8469
2015-09-24,7.8461,7.935,7.8407,7.8802
2015-09-25,7.8842,7.8842,7.8305,7.8578
2015-09-28,7.8661,7.8724,7.7894,7.8291
2015-09-29,7.8321,7.8695,7.82,7.8627
2015-09-30,7.8621,7.8646,7.7883,7.8213
2015-10-01,7.8207,7.856,7.7865,7.8296
2015-10-02,7.8302,7.917,7.802,7.8233
2015-10-05,7.8097,7.8588,7.7853,7.8163
2015-10-06,7.8199,7.9228,7.8178,7.9152
2015-10-07,7.9147,7.9394,7.8427,7.8693
2015-10-08,7.8716,7.9209,7.8637,7.8794
2015-10-09,7.887,7.9669,7.8505,7.8939
2015-10-12,7.894,7.9446,7.8914,7.9104
2015-10-13,7.912,8.0339,7.9062,7.9964
2015-10-14,7.9942,8.0253,7.9648,7.9933
2015-10-15,7.9948,7.9981,7.8604,7.864
2015-10-16,7.8659,7.9005,7.8525,7.854
2015-10-19,7.8615,7.8819,7.772,7.8039
2015-10-20,7.8087,7.8518,7.8087,7.8218
2015-10-21,7.8214,7.8607,7.8156,7.8309
2015-10-22,7.8315,7.8352,7.6726,7.6773
2015-10-23,7.6769,7.7017,7.5915,7.6296
2015-10-26,7.6324,7.6589,7.609,7.62
2015-10-27,7.6219,7.661,7.6153,7.6501
2015-10-28,7.6497,7.7312,7.5852,7.6013
2015-10-29,7.5985,7.6709,7.5866,7.6691
2015-10-30,7.6698,7.7122,7.6294,7.6664
2015-11-02,7.6735,7.7207,7.6655,7.6832
2015-11-03,7.6866,7.6919,7.6584,7.6754
2015-11-04,7.6741,7.678,7.5717,7.5871
2015-11-05,7.5876,7.6435,7.5855,7.6358
2015-11-06,7.6315,7.6403,7.5475,7.5949
2015-11-09,7.5717,7.6776,7.5668,7.6585
2015-11-10,7.6604,7.6604,7.5934,7.6232
2015-11-11,7.6164,7.6504,7.5949,7.6121
2015-11-12,7.6226,7.6617,7.5958,7.6551
2015-11-13,7.6512,7.6571,7.5798,7.6352
2015-11-16,7.5861,7.6064,7.556,7.5672
2015-11-17,7.5583,7.5735,7.5234,7.5364
2015-11-18,7.5359,7.6145,7.5324,7.5751
2015-11-19,7.5869,7.6545,7.5791,7.616
2015-11-20,7.6161,7.6367,7.5728,7.5728
2015-11-23,7.5727,7.6336,7.5508,7.6092
2015-11-24,7.6084,7.6395,7.6009,7.6294
2015-11-25,7.6366,7.645,7.5522,7.5977
2015-11-26,7.5973,7.6335,7.5949,7.6278
2015-11-27,7.6453,7.6594,7.6278,7.6562
2015-11-30,7.6395,7.6816,7.6057,7.6241
2015-12-01,7.625,7.6733,7.6249,7.6512
2015-12-02,7.6522,7.675,7.6314,7.6598
2015-12-03,7.6602,7.9136,7.6491,7.8721
2015-12-04,7.8706,7.8887,7.8307,7.8512
2015-12-07,7.8605,7.861,7.794,7.8131
2015-12-08,7.8109,7.8806,7.8046,7.8458
2015-12-09,7.8442,7.9521,7.8338,7.9468
2015-12-10,7.9455,7.9503,7.826,7.8307
2015-12-11,7.8277,7.9205,7.8243,7.9
2015-12-14,7.8748,7.9345,7.8478,7.9079
2015-12-15,7.9081,7.9773,7.8434,7.8585
2015-12-16,7.8587,7.8875,7.7981,7.8299
2015-12-17,7.806,7.8166,7.7223,7.7514
2015-12-18,7.7518,7.7925,7.7222,7.7496
2015-12-21,7.7468,7.799,7.7329,7.7863
2015-12-22,7.7906,7.8767,7.7876,7.8509
2015-12-23,7.8516,7.8591,7.8084,7.8277
2015-12-24,7.8275,7.8869,7.8232,7.8598
2015-12-25,7.8931,7.897,7.8467,7.8467
2015-12-28,7.8604,7.9147,7.8568,7.9042
2015-12-29,7.9067,7.9731,7.895,7.9008
2015-12-30,7.9017,7.9628,7.8741,7.8923
2015-12-31,7.8883,7.8992,7.826,7.8724
2016-01-01,7.8511,7.8511,7.8166,7.8263
2016-01-04,7.8635,7.9279,7.812,7.8302
2016-01-05,7.8294,7.8384,7.7054,7.7391
2016-01-06,7.7426,7.7891,7.7259,7.7755
2016-01-07,7.7665,7.8949,7.7618,7.8942
2016-01-08,7.8956,7.9076,7.8141,7.8584
2016-01-11,7.8771,7.8846,7.8179,7.8315
2016-01-12,7.8185,7.8665,7.8048,7.8331
2016-01-13,7.8231,7.8531,7.8006,7.844
2016-01-14,7.846,7.9194,7.8448,7.8839
2016-01-15,7.8768,7.9358,7.8683,7.9032
2016-01-18,7.895,7.911,7.845,7.8924
2016-01-19,7.8798,7.9475,7.8654,7.93
2016-01-20,7.9318,7.9889,7.8865,7.9184
2016-01-21,7.9177,7.9459,7.8561,7.9318
2016-01-22,7.9144,7.9275,7.8552,7.8685
2016-01-25,7.8672,7.9228,7.8667,7.9148
2016-01-26,7.9074,7.9423,7.9041,7.9192
2016-01-27,7.9194,8.0194,7.9166,8.0194
2016-01-28,8.0117,8.0187,7.9847,7.9957
2016-01-29,8.0038,8.0149,7.8762,7.911
2016-02-01,7.9112,7.9772,7.8895,7.9644
2016-02-02,7.9571,7.9689,7.912,7.9426
2016-02-03,7.9508,8.0668,7.9354,8.056
2016-02-04,8.0452,8.0774,8.0175,8.0379
2016-02-05,8.0376,8.0714,7.9771,8.0306
2016-02-08,8.0095,8.0705,7.9952,8.0552
2016-02-09,8.0548,8.1115,8.0092,8.0702
2016-02-10,8.0769,8.1115,8.001,8.1017
2016-02-11,8.1062,8.2013,8.0479,8.1694
2016-02-12,8.1626,8.1759,8.0669,8.107
2016-02-15,8.0933,8.0997,8.0118,8.038
2016-02-16,8.0386,8.0836,8.0295,8.0497
2016-02-17,8.0486,8.0994,8.018,8.0252
2016-02-18,8.0259,8.1232,8.0202,8.1209
2016-02-19,8.1119,8.1425,8.1105,8.1288
2016-02-22,8.1037,8.1148,8.0526,8.0636
2016-02-23,8.0649,8.1,8.0502,8.0808
2016-02-24,8.0771,8.0934,8.0186,8.0743
2016-02-25,8.0793,8.1141,8.0686,8.0998
2016-02-26,8.091,8.1261,8.0234,8.0319
2016-02-29,8.032,8.0509,7.9453,7.9731
2016-03-01,7.9704,7.9784,7.8374,7.849
2016-03-02,7.8539,7.8676,7.8031,7.8318
2016-03-03,7.8269,7.89,7.8019,7.8721
2016-03-04,7.8723,7.9157,7.8587,7.8996
2016-03-07,7.9033,7.9191,7.8672,7.899
2016-03-08,7.8994,7.9681,7.8969,7.9309
2016-03-09,7.9289,7.9807,7.9077,7.9537
2016-03-10,7.9501,8.0562,7.8433,8.0443
2016-03-11,8.0389,8.046,7.9758,8.0148
2016-03-14,8.0338,8.0621,8.0127,8.0437
2016-03-15,8.0435,8.1142,8.0357,8.1046
2016-03-16,8.1041,8.1733,8.0537,8.1593
2016-03-17,8.1254,8.1949,8.1115,8.1258
2016-03-18,8.1444,8.1478,8.0542,8.069
2016-03-21,8.0734,8.1051,8.0529,8.085
2016-03-22,8.0858,8.1218,8.0614,8.1033
2016-03-23,8.1095,8.1234,8.0577,8.0858
2016-03-24,8.0835,8.0962,8.0484,8.066
2016-03-25,8.0566,8.0596,8.0243,8.0533
2016-03-28,8.0456,8.0503,8.0182,8.0378
2016-03-29,8.0425,8.0976,8.0172,8.0957
2016-03-30,8.0973,8.1678,8.0918,8.1597
2016-03-31,8.16,8.1935,8.1233,8.1549
2016-04-01,8.1589,8.2032,8.1431,8.1554
2016-04-04,8.1614,8.1758,8.1229,8.1256
2016-04-05,8.126,8.1899,8.125,8.1807
2016-04-06,8.1689,8.1899,8.1493,8.1696
2016-04-07,8.1699,8.1894,8.1382,8.1694
2016-04-08,8.1673,8.1888,8.1449,8.1681
2016-04-11,8.1655,8.2018,8.1308,8.1743
2016-04-12,8.1753,8.2707,8.1688,8.2
2016-04-13,8.2004,8.2259,8.1627,8.1719
2016-04-14,8.1756,8.196,8.1468,8.1754
2016-04-15,8.177,8.2146,8.1653,8.1769
2016-04-18,8.1806,8.2024,8.1662,8.1808
2016-04-19,8.1819,8.2308,8.1755,8.1803
2016-04-20,8.1818,8.2299,8.1297,8.1409
2016-04-21,8.1414,8.2206,8.1334,8.1557
2016-04-22,8.1561,8.2158,8.1561,8.1635
2016-04-25,8.1676,8.2064,8.1675,8.1896
2016-04-26,8.1894,8.2496,8.1653,8.1756
2016-04-27,8.1817,8.2294,8.168,8.2001
2016-04-28,8.2235,8.2601,8.2099,8.2237
2016-04-29,8.223,8.305,8.223,8.264
2016-05-02,8.2785,8.3408,8.2596,8.3304
2016-05-03,8.3295,8.3943,8.2524,8.2594
2016-05-04,8.2601,8.2839,8.2338,8.2622
2016-05-05,8.2628,8.2655,8.1931,8.208
2016-05-06,8.2085,8.2198,8.1649,8.1649
2016-05-09,8.167,8.1867,8.145,8.165
2016-05-10,8.1653,8.1864,8.1568,8.165
2016-05-11,8.1643,8.1984,8.1634,8.1813
2016-05-12,8.1811,8.1876,8.135,8.1479
2016-05-13,8.1483,8.1565,8.0822,8.1063
2016-05-16,8.1123,8.1236,8.0864,8.0864
2016-05-17,8.0865,8.1246,8.0631,8.0825
2016-05-18,8.0826,8.104,8.0153,8.0168
2016-05-19,8.0427,8.1086,8.0402,8.0733
2016-05-20,8.0732,8.1135,8.0597,8.1109
2016-05-23,8.1083,8.1115,8.0767,8.0865
2016-05-24,8.0837,8.1459,8.0788,8.1437
2016-05-25,8.1434,8.148,8.0962,8.1015
2016-05-26,8.1011,8.1354,8.0778,8.0959
2016-05-27,8.0984,8.1078,8.0116,8.0153
2016-05-30,8.0195,8.0856,8.0107,8.0352
2016-05-31,8.0737,8.0871,8.0408,8.0544
2016-06-01,8.0548,8.135,8.0448,8.1259
2016-06-02,8.1266,8.1419,8.072,8.0761
2016-06-03,8.0758,8.2151,8.0676,8.2032
2016-06-06,8.2522,8.2523,8.1885,8.2235
2016-06-07,8.2237,8.2336,8.1863,8.2005
2016-06-08,8.1998,8.2291,8.192,8.1997
2016-06-09,8.2,8.226,8.1448,8.1539
2016-06-10,8.1538,8.159,8.0462,8.0622
2016-06-13,8.0581,8.1587,8.047,8.1468
2016-06-14,8.1497,8.1519,8.0842,8.0994
2016-06-15,8.0995,8.1043,8.0373,8.076
2016-06-16,8.0794,8.1056,7.9744,8.0647
2016-06-17,8.0685,8.0988,8.0345,8.053
2016-06-20,8.1141,8.2168,8.1141,8.198
2016-06-21,8.1979,8.2214,8.1617,8.1879
2016-06-22,8.1842,8.1948,8.1383,8.184
2016-06-23,8.2019,8.3036,8.1675,8.2811
2016-06-24,8.1736,8.1765,7.7819,8.0218
2016-06-27,7.9584,8.0166,7.8999,7.9367
2016-06-28,7.94,7.9949,7.9314,7.9861
2016-06-29,7.9847,7.9887,7.9258,7.9699
2016-06-30,7.9725,7.9898,7.926,7.983
2016-07-01,7.9856,8.0014,7.9457,7.9747
2016-07-04,7.9612,7.981,7.9378,7.9794
2016-07-05,7.9735,8.0015,7.8905,7.895
2016-07-06,7.8944,7.9207,7.8525,7.9113
2016-07-07,7.8959,7.9112,7.8482,7.8695
2016-07-08,7.8735,7.8836,7.7962,7.8256
2016-07-11,7.8171,7.8453,7.8065,7.8265
2016-07-12,7.828,7.8989,7.823,7.8527
2016-07-13,7.8529,7.9099,7.8322,7.8946
2016-07-14,7.8904,7.913,7.8575,7.8592
2016-07-15,7.8574,7.9092,7.8061,7.8073
2016-07-18,7.8289,7.8584,7.8241,7.8526
2016-07-19,7.8423,7.8506,7.7937,7.7978
2016-07-20,7.7977,7.8203,7.7816,7.8101
2016-07-21,7.8111,7.8326,7.7906,7.8164
2016-07-22,7.8159,7.8209,7.7425,7.7664
2016-07-25,7.7583,7.8007,7.7527,7.8001
2016-07-26,7.7983,7.8104,7.7738,7.7779
2016-07-27,7.7839,7.7884,7.7267,7.7807
2016-07-28,7.7792,7.816,7.7499,7.758
2016-07-29,7.7603,7.8404,7.7541,7.811
2016-08-01,7.795,7.8046,7.7542,7.7618
2016-08-02,7.7631,7.8486,7.7616,7.8415
2016-08-03,7.839,7.8885,7.8132,7.8197
2016-08-04,7.8239,7.8577,7.8045,7.835
2016-08-05,7.8339,7.8501,7.7777,7.7957
2016-08-08,7.7901,7.8088,7.766,7.7822
2016-08-09,7.7839,7.8441,7.7783,7.8217
2016-08-10,7.8413,7.8998,7.8311,7.8919
2016-08-11,7.8958,7.9345,7.8748,7.8777
2016-08-12,7.8788,7.9423,7.8728,7.9158
2016-08-15,7.9127,7.9202,7.8939,7.903
2016-08-16,7.905,7.9808,7.8964,7.9455
2016-08-17,7.944,7.9606,7.9263,7.944
2016-08-18,7.9508,8.0162,7.9437,8.0115
2016-08-19,7.9989,8.0135,7.9885,8.002
2016-08-22,7.9914,8.0316,7.9704,8.0269
2016-08-23,8.0239,8.053,8.0025,8.0037
2016-08-24,8.0038,8.0235,7.9627,7.991
2016-08-25,7.9939,8.0008,7.9627,7.9726
2016-08-26,7.9698,7.9995,7.8851,7.9227
2016-08-29,7.9079,7.9418,7.8962,7.933
2016-08-30,7.9331,7.9333,7.8377,7.8638
2016-08-31,7.8611,7.8766,7.8055,7.8202
2016-09-01,7.8194,7.8368,7.7748,7.8121
2016-09-02,7.8121,7.828,7.767,7.7725
2016-09-05,7.7607,7.8008,7.7489,7.7595
2016-09-06,7.7603,7.8424,7.7543,7.8154
2016-09-07,7.8141,7.8711,7.8032,7.8696
2016-09-08,7.8691,7.93,7.8635,7.8827
2016-09-09,7.8833,7.9088,7.8438,7.8698
2016-09-12,7.8682,7.887,7.8364,7.8707
2016-09-13,7.8722,7.8932,7.838,7.8619
2016-09-14,7.862,7.9047,7.8487,7.8601
2016-09-15,7.8584,7.8976,7.8533,7.8885
2016-09-16,7.8781,7.8847,7.8175,7.8356
2016-09-19,7.8285,7.846,7.802,7.8177
2016-09-20,7.8193,7.8441,7.7829,7.7905
2016-09-21,7.7904,7.8166,7.7788,7.8148
2016-09-22,7.8147,7.8435,7.7849,7.7932
2016-09-23,7.7948,7.8152,7.7787,7.8023
2016-09-26,7.8106,7.8345,7.7901,7.7935
2016-09-27,7.792,7.8028,7.705,7.7341
2016-09-28,7.7373,7.76,7.7149,7.7465
2016-09-29,7.7465,7.8213,7.7429,7.7913
2016-09-30,7.7915,7.797,7.7183,7.7715
2016-10-03,7.7642,7.8053,7.7382,7.758
2016-10-04,7.7599,7.7604,7.7083,7.7304
2016-10-05,7.7308,7.7743,7.7234,7.7458
2016-10-06,7.7405,7.7565,7.7311,7.7375
2016-10-07,7.738,7.7409,7.6761,7.724
2016-10-10,7.7169,7.7221,7.6777,7.6849
2016-10-11,7.6903,7.7253,7.5651,7.571
2016-10-12,7.5737,7.581,7.5473,7.5473
2016-10-13,7.5471,7.6092,7.5356,7.6067
2016-10-14,7.5903,7.6156,7.5423,7.5438
2016-10-17,7.5468,7.5832,7.5388,7.581
2016-10-18,7.5809,7.5991,7.547,7.5542
2016-10-19,7.5569,7.57,7.5298,7.5446
2016-10-20,7.5454,7.568,7.5156,7.5257
2016-10-21,7.5343,7.5358,7.4903,7.5057
2016-10-24,7.5077,7.5143,7.4828,7.4989
2016-10-25,7.4989,7.5106,7.4551,7.484
2016-10-26,7.4849,7.5095,7.4743,7.4988
2016-10-27,7.5041,7.5137,7.3566,7.362
2016-10-28,7.3618,7.4237,7.361,7.403
2016-10-31,7.4109,7.4201,7.3786,7.38
2016-11-01,7.3804,7.4624,7.3689,7.4404
2016-11-02,7.4435,7.4971,7.4419,7.4773
2016-11-03,7.4773,7.5031,7.4289,7.4354
2016-11-04,7.4319,7.4684,7.414,7.4634
2016-11-07,7.4537,7.4552,7.3746,7.399
2016-11-08,7.3997,7.4193,7.347,7.3517
2016-11-09,7.3944,7.5048,7.2986,7.3409
2016-11-10,7.3409,7.4287,7.3093,7.4162
2016-11-11,7.4244,7.4691,7.3721,7.4173
2016-11-14,7.4158,7.4475,7.3848,7.4039
2016-11-15,7.4055,7.4562,7.3677,7.3758
2016-11-16,7.3778,7.4213,7.3666,7.4061
2016-11-17,7.3998,7.4096,7.3469,7.3604
2016-11-18,7.3607,7.3695,7.3301,7.3561
2016-11-21,7.3575,7.4101,7.3555,7.403
2016-11-22,7.4019,7.4303,7.3863,7.425
2016-11-23,7.428,7.4509,7.401,7.4042
2016-11-24,7.4083,7.4577,7.3813,7.438
2016-11-25,7.443,7.4558,7.3966,7.3993
2016-11-28,7.4168,7.4907,7.4129,7.4487
2016-11-29,7.451,7.4812,7.4268,7.477
2016-11-30,7.4762,7.484,7.3946,7.4234
2016-12-01,7.4257,7.4351,7.3845,7.4116
2016-12-02,7.4218,7.4298,7.3941,7.4101
2016-12-05,7.334,7.4662,7.334,7.4579
2016-12-06,7.4558,7.469,7.4071,7.4193
2016-12-07,7.4141,7.4637,7.4117,7.4329
2016-12-08,7.4344,7.4635,7.3612,7.3807
2016-12-09,7.3845,7.4084,7.3324,7.3458
2016-12-12,7.3318,7.3665,7.3237,7.3576
2016-12-13,7.3587,7.3918,7.3405,7.3538
2016-12-14,7.3536,7.3862,7.3101,7.3212
2016-12-15,7.3021,7.3085,7.2018,7.2179
2016-12-16,7.2233,7.2671,7.1789,7.2671
2016-12-19,7.2563,7.2692,7.2211,7.2353
2016-12-20,7.2313,7.2712,7.2137,7.2598
2016-12-21,7.2593,7.3569,7.2546,7.3521
2016-12-22,7.3511,7.4195,7.3487,7.3568
2016-12-23,7.355,7.384,7.3374,7.3623
2016-12-26,7.3629,7.3765,7.3354,7.3584
2016-12-27,7.366,7.3872,7.3452,7.367
2016-12-28,7.3669,7.428,7.3662,7.4222
2016-12-29,7.4209,7.4564,7.417,7.4479
2016-12-30,7.4459,7.5145,7.4425,7.4667
2017-01-02,7.4701,7.4951,7.4491,7.4792
2017-01-03,7.4743,7.482,7.4364,7.4497
2017-01-04,7.4501,7.4724,7.4301,7.4553
2017-01-05,7.4544,7.5377,7.4502,7.5288
2017-01-06,7.5316,7.5472,7.5016,7.5208
2017-01-09,7.5169,7.5364,7.4949,7.535
2017-01-10,7.5348,7.5591,7.5201,7.5225
2017-01-11,7.5231,7.5639,7.4817,7.5396
2017-01-12,7.5524,7.6319,7.5504,7.6112
2017-01-13,7.6111,7.6604,7.605,7.6526
2017-01-16,7.6347,7.6519,7.5932,7.6024
2017-01-17,7.604,7.6526,7.604,7.638
2017-01-18,7.6404,7.6471,7.6171,7.6217
2017-01-19,7.6212,7.6352,7.5561,7.6062
2017-01-20,7.603,7.6735,7.6013,7.6735
2017-01-23,7.6599,7.712,7.6599,7.7108
2017-01-24,7.7117,7.7181,7.6902,7.7022
2017-01-25,7.703,7.7211,7.6849,7.7073
2017-01-26,7.7091,7.7291,7.687,7.7073
2017-01-27,7.7079,7.7158,7.6849,7.6998
2017-01-30,7.7082,7.7214,7.6475,7.6836
2017-01-31,7.6835,7.7235,7.674,7.7107
2017-02-01,7.7136,7.7447,7.6845,7.6991
2017-02-02,7.6999,7.7451,7.6751,7.6808
2017-02-03,7.681,7.6979,7.6382,7.6663
2017-02-06,7.6653,7.6773,7.5934,7.6096
2017-02-07,7.6093,7.614,7.5723,7.5895
2017-02-08,7.5843,7.595,7.5546,7.5737
2017-02-09,7.5841,7.598,7.4896,7.4944
2017-02-10,7.4935,7.5166,7.4815,7.4903
2017-02-13,7.4799,7.5242,7.4775,7.484
2017-02-14,7.4842,7.5148,7.4685,7.4777
2017-02-15,7.4767,7.5014,7.45,7.4963
2017-02-16,7.497,7.581,7.4921,7.5684
2017-02-17,7.5693,7.5801,7.5195,7.5217
2017-02-20,7.5298,7.5333,7.4842,7.4863
2017-02-21,7.4876,7.4942,7.4435,7.4573
2017-02-22,7.4583,7.4731,7.422,7.4543
2017-02-23,7.4551,7.4651,7.4027,7.415
2017-02-24,7.4158,7.4345,7.3638,7.3642
2017-02-27,7.3707,7.407,7.3573,7.3585
2017-02-28,7.3581,7.4101,7.354,7.3749
2017-03-01,7.3751,7.4049,7.3652,7.3726
2017-03-02,7.3693,7.3873,7.3457,7.3479
2017-03-03,7.3468,7.4418,7.3468,7.44
2017-03-06,7.4277,7.4392,7.3818,7.3875
2017-03-07,7.3885,7.4075,7.3781,7.3921
2017-03-08,7.3899,7.4077,7.3707,7.3741
2017-03-09,7.3742,7.4029,7.3623,7.3788
2017-03-10,7.3781,7.4088,7.3706,7.3902
2017-03-13,7.3913,7.403,7.3677,7.4009
2017-03-14,7.4012,7.4196,7.3271,7.3324
2017-03-15,7.3329,7.3626,7.2872,7.3614
2017-03-16,7.3643,7.418,7.3464,7.4167
2017-03-17,7.4156,7.4549,7.4054,7.4073
2017-03-20,7.3981,7.4077,7.3904,7.4035
2017-03-21,7.3959,7.4529,7.3939,7.4357
2017-03-22,7.4373,7.4595,7.4068,7.4388
2017-03-23,7.4362,7.4485,7.4041,7.4065
2017-03-24,7.4085,7.4365,7.396,7.4198
2017-03-27,7.446,7.4478,7.3906,7.3906
2017-03-28,7.3932,7.4227,7.3574,7.3623
2017-03-29,7.3621,7.3672,7.2879,7.3125
2017-03-30,7.3122,7.3174,7.2479,7.256
2017-03-31,7.2558,7.2788,7.2277,7.2277
2017-04-03,7.2397,7.2869,7.2328,7.2491
2017-04-04,7.2497,7.2562,7.2055,7.2272
2017-04-05,7.2275,7.2507,7.2192,7.2398
2017-04-06,7.2392,7.2397,7.1558,7.1583
2017-04-07,7.1582,7.1726,7.0728,7.0825
2017-04-10,7.0746,7.1273,7.0691,7.1144
2017-04-11,7.115,7.163,7.0868,7.1257
2017-04-12,7.1256,7.198,7.1256,7.1964
2017-04-13,7.1999,7.2226,7.1232,7.1278
2017-04-14,7.1285,7.1543,7.1223,7.1439
2017-04-17,7.1283,7.1811,7.1144,7.1611
2017-04-18,7.16,7.2206,7.1583,7.2087
2017-04-19,7.206,7.2256,7.1867,7.2069
2017-04-20,7.2049,7.2375,7.1833,7.1879
2017-04-21,7.1885,7.2025,7.1581,7.1769
2017-04-24,7.3138,7.3191,7.2633,7.2802
2017-04-25,7.2757,7.3497,7.243,7.3329
2017-04-26,7.3329,7.3468,7.2875,7.32
2017-04-27,7.3205,7.3261,7.2274,7.2544
2017-04-28,7.2509,7.3131,7.2497,7.2657
2017-05-01,7.2679,7.2859,7.2512,7.2645
2017-05-02,7.2659,7.2886,7.249,7.2886
2017-05-03,7.2877,7.2956,7.2479,7.2547
2017-05-04,7.2555,7.2844,7.2481,7.267
2017-05-05,7.2674,7.3198,7.257,7.3085
2017-05-08,7.3073,7.3073,7.2671,7.2829
2017-05-09,7.2785,7.3081,7.2623,7.2816
2017-05-10,7.2799,7.292,7.2309,7.2358
2017-05-11,7.229,7.2783,7.2263,7.2507
2017-05-12,7.2497,7.2764,7.2271,7.2681
2017-05-15,7.2637,7.2729,7.2391,7.2548
2017-05-16,7.2544,7.3022,7.2337,7.2738
2017-05-17,7.2964,7.3673,7.2899,7.3646
2017-05-18,7.3741,7.4306,7.3418,7.3685
2017-05-19,7.3697,7.4111,7.3534,7.4056
2017-05-22,7.3862,7.4255,7.3797,7.4143
2017-05-23,7.4173,7.4826,7.4163,7.4532
2017-05-24,7.4534,7.4701,7.4324,7.4682
2017-05-25,7.4673,7.4784,7.4227,7.4345
2017-05-26,7.4307,7.4437,7.4116,7.4202
2017-05-29,7.4277,7.4324,7.409,7.4129
2017-05-30,7.3947,7.4138,7.3718,7.4006
2017-05-31,7.3977,7.4394,7.3822,7.4198
2017-06-01,7.4195,7.4332,7.3913,7.4257
2017-06-02,7.4254,7.4724,7.4107,7.4722
2017-06-05,7.4694,7.4694,7.4072,7.4338
2017-06-06,7.436,7.452,7.4158,7.4356
2017-06-07,7.4351,7.4412,7.3624,7.4134
2017-06-08,7.4136,7.419,7.3597,7.3688
2017-06-09,7.3682,7.3828,7.3428,7.3708
2017-06-12,7.3747,7.4046,7.369,7.3737
2017-06-13,7.3732,7.4219,7.3591,7.4013
2017-06-14,7.4011,7.4264,7.3651,7.3748
2017-06-15,7.3774,7.4329,7.3706,7.3743
2017-06-16,7.3735,7.4189,7.3735,7.3966
2017-06-19,7.4083,7.411,7.3671,7.3735
2017-06-20,7.3749,7.387,7.3366,7.3464
2017-06-21,7.3475,7.3886,7.3405,7.3769
2017-06-22,7.3767,7.4033,7.3662,7.3841
2017-06-23,7.3779,7.4123,7.3566,7.3928
2017-06-26,7.3991,7.4053,7.3797,7.3888
2017-06-27,7.3879,7.5059,7.3863,7.4905
2017-06-28,7.4897,7.5537,7.4753,7.5503
2017-06-29,7.5498,7.6685,7.5496,7.6458
2017-06-30,7.6461,7.6729,7.6299,7.6618
2017-07-03,7.6654,7.6822,7.6311,7.6388
2017-07-04,7.6523,7.6523,7.5728,7.5987
2017-07-05,7.6097,7.6404,7.5936,7.6337
2017-07-06,7.6242,7.675,7.6144,7.6692
2017-07-07,7.6691,7.6719,7.6458,7.6673
2017-07-10,7.6663,7.6719,7.6253,7.6456
2017-07-11,7.648,7.6878,7.632,7.6806
2017-07-12,7.6858,7.6907,7.6384,7.6623
2017-07-13,7.6625,7.7188,7.6606,7.7108
2017-07-14,7.7095,7.7503,7.7066,7.7391
2017-07-17,7.7464,7.7657,7.7169,7.7548
2017-07-18,7.7538,7.7971,7.7344,7.7413
2017-07-19,7.7411,7.7675,7.7345,7.7443
2017-07-20,7.7365,7.8356,7.7324,7.8311
2017-07-21,7.8279,7.8371,7.7785,7.8126
2017-07-24,7.8149,7.8433,7.8028,7.8254
2017-07-25,7.8297,7.8823,7.8277,7.8415
2017-07-26,7.8392,7.889,7.812,7.8783
2017-07-27,7.8674,7.886,7.7868,7.8015
2017-07-28,7.8023,7.9062,7.7986,7.9062
2017-07-31,7.9127,7.9591,7.8762,7.952
2017-08-01,7.9413,7.9482,7.893,7.8974
2017-08-02,7.9001,7.9076,7.8347,7.8536
2017-08-03,7.8487,7.8792,7.8361,7.8624
2017-08-04,7.8678,7.8779,7.7906,7.8217
2017-08-07,7.8176,7.8413,7.8111,7.8287
2017-08-08,7.8316,7.8482,7.7752,7.796
2017-08-09,7.7947,7.8235,7.7686,7.8067
2017-08-10,7.8113,7.8968,7.803,7.8754
2017-08-11,7.8806,7.9061,7.8488,7.8946
2017-08-14,7.8943,7.9189,7.8751,7.9157
2017-08-15,7.9072,7.967,7.8868,7.9404
2017-08-16,7.944,7.969,7.9015,7.9443
2017-08-17,7.9455,7.9539,7.8771,7.8858
2017-08-18,7.8851,7.9114,7.8783,7.9027
2017-08-21,7.8978,7.9538,7.8817,7.9382
2017-08-22,7.9362,7.9501,7.8982,7.9119
2017-08-23,7.9051,7.9549,7.9001,7.9527
2017-08-24,7.9526,7.9536,7.9263,7.9416
2017-08-25,7.9375,8.0416,7.9181,8.0375
2017-08-28,8.0494,8.056,7.9994,8.0048
2017-08-29,8.006,8.0898,7.9988,8.0622
2017-08-30,8.0645,8.067,8.0119,8.0228
2017-08-31,8.0237,8.0654,7.9748,8.0609
2017-09-01,8.0552,8.0552,7.9963,7.9978
2017-09-04,8.0223,8.056,8.0075,8.0443
2017-09-05,8.0422,8.0736,8.0218,8.0505
2017-09-06,8.0504,8.0705,8.026,8.0352
2017-09-07,8.0332,8.0883,8.0115,8.0807
2017-09-08,8.0823,8.094,8.0444,8.0449
2017-09-11,8.0291,8.0526,7.9789,7.9835
2017-09-12,7.9866,8.0415,7.9738,8.0321
2017-09-13,8.033,8.0465,7.9581,7.9746
2017-09-14,7.9751,8.0367,7.9641,8.013
2017-09-15,8.023,8.0728,8.0068,8.051
2017-09-18,8.0395,8.0737,8.0225,8.0613
2017-09-19,8.0623,8.0964,8.0604,8.0861
2017-09-20,8.0848,8.1057,8.014,8.014
2017-09-21,8.0112,8.1321,8.0077,8.1297
2017-09-22,8.1303,8.1735,8.1165,8.1235
2017-09-25,8.1036,8.1251,8.0888,8.1015
2017-09-26,8.1017,8.1259,8.0312,8.059
2017-09-27,8.059,8.0756,8.0291,8.0622
2017-09-28,8.0633,8.0778,8.0364,8.0684
2017-09-29,8.0615,8.0718,7.9754,8.0176
2017-10-02,8.0172,8.0257,7.9941,8.0216
2017-10-03,8.0078,8.0653,7.9984,8.0512
2017-10-04,8.0501,8.0746,8.0105,8.0351
2017-10-05,8.0347,8.0505,7.9895,8.0053
2017-10-06,8.0058,8.0644,8.0006,8.0589
2017-10-09,8.0594,8.0642,8.0327,8.0417
2017-10-10,8.0444,8.0901,8.0417,8.0854
2017-10-11,8.0859,8.1029,8.0736,8.099
2017-10-12,8.0984,8.109,8.0009,8.0122
2017-10-13,8.0106,8.0277,7.9621,7.9714
2017-10-16,7.9685,7.9934,7.9477,7.9835
2017-10-17,7.9783,8.0013,7.9581,7.9751
2017-10-18,7.9755,7.996,7.9562,7.9892
2017-10-19,7.9963,8.0011,7.9681,7.996
2017-10-20,7.9768,7.9802,7.9481,7.9688
2017-10-23,7.9558,7.9603,7.9061,7.9249
2017-10-24,7.9317,7.9462,7.911,7.9175
2017-10-25,7.9147,7.9263,7.8811,7.8963
2017-10-26,7.9049,7.9208,7.7569,7.7595
2017-10-27,7.7605,7.7943,7.7424,7.7767
2017-10-30,7.7727,7.7864,7.7445,7.761
2017-10-31,7.76,7.761,7.7257,7.731
2017-11-01,7.7296,7.7321,7.6791,7.6791
2017-11-02,7.6817,7.7217,7.6817,7.6961
2017-11-03,7.6913,7.6988,7.6452,7.6537
2017-11-06,7.6548,7.7025,7.6518,7.7006
2017-11-07,7.6949,7.7539,7.6949,7.752
2017-11-08,7.7538,7.7614,7.7309,7.7447
2017-11-09,7.7443,7.7772,7.7352,7.7568
2017-11-10,7.7603,7.8067,7.7549,7.8004
2017-11-13,7.7863,7.8181,7.7772,7.8015
2017-11-14,7.8005,7.8185,7.7445,7.7931
2017-11-15,7.7836,7.7936,7.7224,7.729
2017-11-16,7.7356,7.7805,7.7337,7.7723
2017-11-17,7.7705,7.7761,7.6813,7.6865
2017-11-20,7.699,7.7195,7.6645,7.6738
2017-11-21,7.6759,7.6963,7.6153,7.6795
2017-11-22,7.6933,7.7782,7.6738,7.7782
2017-11-23,7.7787,7.7941,7.7544,7.7818
2017-11-24,7.7774,7.8151,7.7749,7.8065
2017-11-27,7.8003,7.8233,7.7543,7.7693
2017-11-28,7.7767,7.7809,7.7047,7.7151
2017-11-29,7.7238,7.7308,7.6728,7.6871
2017-11-30,7.6896,7.7545,7.6835,7.6866
2017-12-01,7.687,7.7376,7.687,7.7376
2017-12-04,7.6945,7.7158,7.633,7.6447
2017-12-05,7.6455,7.7048,7.6172,7.6988
2017-12-06,7.6919,7.7321,7.6444,7.6595
2017-12-07,7.66,7.6624,7.5994,7.6097
2017-12-08,7.61,7.6347,7.567,7.6347
2017-12-11,7.6236,7.633,7.5649,7.5748
2017-12-12,7.572,7.6652,7.5593,7.6634
2017-12-13,7.6538,7.6732,7.6143,7.6417
2017-12-14,7.6445,7.6956,7.6053,7.6054
2017-12-15,7.6168,7.6221,7.519,7.5219
2017-12-18,7.5377,7.6306,7.5288,7.6038
2017-12-19,7.6091,7.63,7.5829,7.621
2017-12-20,7.6284,7.6722,7.6129,7.6359
2017-12-21,7.6346,7.6459,7.5974,7.6406
2017-12-22,7.6278,7.6951,7.6221,7.6942
2017-12-25,7.675,7.7014,7.673,7.6975
2017-12-26,7.666,7.6822,7.6559,7.6681
2017-12-27,7.668,7.7593,7.666,7.7516
2017-12-28,7.7547,7.7847,7.7496,7.7677
2017-12-29,7.7681,7.809,7.7394,7.8005
2018-01-01,7.788,7.788,7.7579,7.7663
2018-01-02,7.7836,7.8143,7.7479,7.7699
2018-01-03,7.7704,7.7795,7.751,7.7557
2018-01-04,7.7504,7.7973,7.7466,7.7937
2018-01-05,7.7931,7.7984,7.7606,7.7606
2018-01-08,7.7702,7.783,7.7268,7.7403
2018-01-09,7.7338,7.7477,7.7151,7.738
2018-01-10,7.7287,7.8103,7.7283,7.7586
2018-01-11,7.7669,7.8391,7.7606,7.8329
2018-01-12,7.8285,7.9136,7.8131,7.8922
2018-01-15,7.9099,7.939,7.8699,7.9222
2018-01-16,7.9244,7.9813,7.9193,7.9604
2018-01-17,7.9628,7.9888,7.9158,7.9252
2018-01-18,7.9338,7.977,7.9251,7.9686
2018-01-19,7.9687,7.9694,7.9154,7.9154
2018-01-22,7.9516,7.9702,7.9245,7.9648
2018-01-23,7.9647,7.9673,7.9275,7.959
2018-01-24,7.9637,8.0263,7.9537,8.0193
2018-01-25,8.0308,8.0921,8.0078,8.0085
2018-01-26,8.0092,8.1012,8.0086,8.0742
2018-01-29,8.0723,8.0776,8.0444,8.0666
2018-01-30,8.0657,8.0947,8.0455,8.0719
2018-01-31,8.0738,8.1217,8.0577,8.0794
2018-02-01,8.0639,8.1647,8.0547,8.1515
2018-02-02,8.1578,8.1695,8.0979,8.1125
2018-02-05,8.1104,8.1268,8.0498,8.0528
2018-02-06,8.0438,8.0881,8.0359,8.0744
2018-02-07,8.0769,8.0813,7.9477,7.9521
2018-02-08,7.953,7.9786,7.9138,7.9435
2018-02-09,7.9419,7.9621,7.8985,7.9412
2018-02-12,7.9484,7.975,7.9285,7.966
2018-02-13,7.968,8.0129,7.9586,8.0011
2018-02-14,8.0068,8.0687,7.9308,8.0591
2018-02-15,8.0581,8.0696,8.0171,8.0562
2018-02-16,8.0573,8.111,8.0532,8.076
2018-02-19,8.0928,8.1097,8.0673,8.0818
2018-02-20,8.0611,8.0705,8.006,8.0092
2018-02-21,8.0097,8.0205,7.9772,7.9772
2018-02-22,7.9755,8.0086,7.9686,8.0028
2018-02-23,8.0034,8.0063,7.9155,7.9366
2018-02-26,7.907,7.9692,7.907,7.9426
2018-02-27,7.9394,7.968,7.8865,7.8913
2018-02-28,7.8925,7.9228,7.8525,7.8645
2018-03-01,7.8633,7.9144,7.8475,7.9119
2018-03-02,7.9079,7.9157,7.8759,7.9
2018-03-05,7.9186,7.9186,7.8542,7.8686
2018-03-06,7.871,7.9101,7.8582,7.8997
2018-03-07,7.9038,7.9183,7.8611,7.8865
2018-03-08,7.8866,7.9167,7.8672,7.8758
2018-03-09,7.8771,7.8975,7.8667,7.8835
2018-03-12,7.8894,7.9029,7.8649,7.8867
2018-03-13,7.8867,7.9024,7.8739,7.8945
2018-03-14,7.8947,7.9482,7.8922,7.9195
2018-03-15,7.9203,7.9591,7.9193,7.9513
2018-03-16,7.9394,7.9457,7.914,7.9316
2018-03-19,7.9312,8.0065,7.9095,7.9849
2018-03-20,7.9862,7.9905,7.9307,7.9358
2018-03-21,7.936,7.9701,7.9154,7.9417
2018-03-22,7.9669,7.9747,7.8831,7.902
2018-03-23,7.9019,7.9253,7.8516,7.8799
2018-03-26,7.8824,7.9229,7.8738,7.9053
2018-03-27,7.9184,7.9276,7.8644,7.8885
2018-03-28,7.8878,7.8982,7.7896,7.7998
2018-03-29,7.7991,7.8173,7.7692,7.7864
2018-03-30,7.7871,7.8118,7.7871,7.7993
2018-04-02,7.8003,7.8073,7.748,7.7594
2018-04-03,7.7563,7.7762,7.7243,7.7473
2018-04-04,7.7411,7.7643,7.7238,7.7417
2018-04-05,7.7481,7.7603,7.6869,7.7085
2018-04-06,7.7069,7.7458,7.6897,7.739
2018-04-09,7.7326,7.7762,7.7234,7.7567
2018-04-10,7.7701,7.8338,7.7575,7.8228
2018-04-11,7.8245,7.8634,7.8176,7.8269
2018-04-12,7.8385,7.8587,7.7289,7.763
2018-04-13,7.7661,7.7667,7.6793,7.7008
2018-04-16,7.6987,7.7911,7.6923,7.7862
2018-04-17,7.779,7.819,7.7763,7.8129
2018-04-18,7.8146,7.8407,7.793,7.8235
2018-04-19,7.8216,7.8738,7.8192,7.8638
2018-04-20,7.853,7.8566,7.8226,7.8382
2018-04-23,7.8331,7.8387,7.8052,7.8103
2018-04-24,7.8069,7.8209,7.7866,7.8078
2018-04-25,7.8019,7.8349,7.7975,7.8133
2018-04-26,7.8179,7.8348,7.6992,7.7177
2018-04-27,7.7148,7.7267,7.6428,7.6964
2018-04-30,7.6829,7.6837,7.5791,7.595
2018-05-01,7.596,7.597,7.512,7.5537
2018-05-02,7.5544,7.5635,7.4696,7.4748
2018-05-03,7.4917,7.576,7.4798,7.5675
2018-05-04,7.5668,7.6004,7.5474,7.5814
2018-05-07,7.5814,7.629,7.5747,7.605
2018-05-08,7.5991,7.6305,7.5855,7.6244
2018-05-09,7.619,7.7433,7.6086,7.737
2018-05-10,7.7366,7.794,7.7285,7.7813
2018-05-11,7.7815,7.8513,7.7573,7.8409
2018-05-14,7.8468,7.8712,7.8174,7.8199
2018-05-15,7.8385,7.88,7.7966,7.8402
2018-05-16,7.8331,7.8516,7.7406,7.7936
2018-05-17,7.7938,7.805,7.7455,7.7584
2018-05-18,7.7587,7.7924,7.7496,7.7668
2018-05-21,7.7575,7.8547,7.7525,7.8499
2018-05-22,7.8477,7.8752,7.815,7.8393
2018-05-23,7.8318,7.8421,7.7742,7.7991
2018-05-24,7.7981,7.8287,7.7875,7.7894
2018-05-25,7.789,7.8379,7.7203,7.727
2018-05-28,7.7499,7.7545,7.6356,7.6375
2018-05-29,7.6379,7.6788,7.5602,7.5741
2018-05-30,7.5602,7.6613,7.5476,7.6559
2018-05-31,7.6524,7.7107,7.6245,7.6575
2018-06-01,7.6571,7.6571,7.567,7.5906
2018-06-04,7.605,7.6753,7.5971,7.6574
2018-06-05,7.6557,7.6859,7.6366,7.6649
2018-06-06,7.6678,7.6969,7.6463,7.6564
2018-06-07,7.6564,7.774,7.6545,7.752
2018-06-08,7.7446,7.759,7.7015,7.7429
2018-06-11,7.7524,7.7986,7.7306,7.7832
2018-06-12,7.7835,7.8478,7.7655,7.8037
2018-06-13,7.8054,7.8596,7.8045,7.8477
2018-06-14,7.8559,7.8811,7.7428,7.7457
2018-06-15,7.7354,7.7792,7.7329,7.7577
2018-06-18,7.7321,7.7412,7.6646,7.7174
2018-06-19,7.7145,7.7213,7.6286,7.6459
2018-06-20,7.6458,7.6787,7.6309,7.6627
2018-06-21,7.661,7.6771,7.5947,7.6425
2018-06-22,7.6429,7.6786,7.6319,7.6613
2018-06-25,7.6615,7.7142,7.6433,7.6977
2018-06-26,7.7069,7.7186,7.6828,7.7001
2018-06-27,7.7012,7.7191,7.6728,7.6792
2018-06-28,7.6573,7.7001,7.6176,7.6186
2018-06-29,7.6206,7.6649,7.6194,7.6571
2018-07-02,7.6384,7.6682,7.6143,7.6635
2018-07-03,7.6613,7.7739,7.6601,7.7525
2018-07-04,7.7619,7.8252,7.7545,7.8173
2018-07-05,7.821,7.8923,7.8173,7.8524
2018-07-06,7.8533,7.8916,7.8337,7.8813
2018-07-09,7.8717,7.9069,7.8422,7.8735
2018-07-10,7.8838,7.889,7.8314,7.8651
2018-07-11,7.8625,7.8713,7.7848,7.7952
2018-07-12,7.795,7.8015,7.6976,7.7138
2018-07-13,7.7156,7.7253,7.6667,7.7228
2018-07-16,7.7196,7.7813,7.7149,7.7699
2018-07-17,7.7739,7.7882,7.7375,7.739
2018-07-18,7.7386,7.7432,7.7128,7.729
2018-07-19,7.7498,7.7644,7.7078,7.7458
2018-07-20,7.7519,7.7715,7.721,7.7619
2018-07-23,7.7684,7.7953,7.7569,7.7813
2018-07-24,7.7648,7.8178,7.7624,7.8166
2018-07-25,7.8155,7.8516,7.794,7.8498
2018-07-26,7.8502,7.8584,7.7926,7.798
2018-07-27,7.7895,7.8057,7.7442,7.7594
2018-07-30,7.7608,7.8496,7.7549,7.8381
2018-07-31,7.8376,7.8459,7.7828,7.7914
2018-08-01,7.7863,7.7964,7.7535,7.7628
2018-08-02,7.761,7.7643,7.712,7.7171
2018-08-03,7.7214,7.7371,7.6839,7.6872
2018-08-06,7.6809,7.7145,7.6781,7.6916
2018-08-07,7.6995,7.719,7.69,7.7
2018-08-08,7.7018,7.7171,7.6476,7.6502
2018-08-09,7.6502,7.6688,7.6322,7.6448
2018-08-10,7.6471,7.65,7.5445,7.5765
2018-08-13,7.5364,7.6831,7.531,7.6815
2018-08-14,7.6782,7.6988,7.643,7.6495
2018-08-15,7.6813,7.7026,7.6308,7.6328
2018-08-16,7.59,7.6663,7.59,7.6211
2018-08-17,7.6234,7.641,7.6116,7.6309
2018-08-20,7.6204,7.6341,7.5829,7.6293
2018-08-21,7.631,7.6894,7.6138,7.6809
2018-08-22,7.6795,7.7257,7.6669,7.7158
2018-08-23,7.7137,7.7331,7.6657,7.685
2018-08-24,7.6684,7.7076,7.6393,7.6436
2018-08-27,7.6576,7.6965,7.6477,7.6955
2018-08-28,7.691,7.7194,7.6722,7.6836
2018-08-29,7.6747,7.7279,7.6688,7.7266
2018-08-30,7.7195,7.794,7.7194,7.7791
2018-08-31,7.8016,7.8016,7.7318,7.7383
2018-09-03,7.7584,7.8319,7.7275,7.8264
2018-09-04,7.8441,7.8769,7.7932,7.8748
2018-09-05,7.8817,7.9172,7.869,7.9031
2018-09-06,7.9236,7.9529,7.8872,7.9066
2018-09-07,7.8974,7.9622,7.8692,7.9598
2018-09-10,7.9491,8.0361,7.9489,8.0046
2018-09-11,7.9888,8.0398,7.9782,8.0312
2018-09-12,8.0313,8.0466,7.9541,8.009
2018-09-13,8.0179,8.02,7.9938,7.9938
2018-09-14,8.0158,8.0217,7.9411,7.9475
2018-09-17,7.9427,8.1435,7.9411,8.1324
2018-09-18,8.1321,8.1815,8.1257,8.1705
2018-09-19,8.1574,8.2061,8.1013,8.1551
2018-09-20,8.1549,8.2095,8.1507,8.2082
2018-09-21,8.2086,8.2454,8.1759,8.2186
2018-09-24,8.2147,8.2941,8.2138,8.2583
2018-09-25,8.2925,8.3106,8.2471,8.2471
2018-09-26,8.2471,8.2652,8.2152,8.2216
2018-09-27,8.2435,8.25,8.1912,8.1985
2018-09-28,8.1977,8.2083,8.1347,8.1566
2018-10-01,8.156,8.2073,8.155,8.2049
2018-10-02,8.1437,8.1631,8.1131,8.1433
2018-10-03,8.1639,8.1784,8.1197,8.1698
2018-10-04,8.1411,8.165,8.1241,8.1271
2018-10-05,8.1271,8.178,8.0942,8.1757
2018-10-08,8.1315,8.1644,8.1181,8.1308
2018-10-09,8.1356,8.1684,8.1035,8.1432
2018-10-10,8.1704,8.1785,8.1379,8.1421
2018-10-11,8.136,8.2568,8.1354,8.2269
2018-10-12,8.2359,8.2468,8.1892,8.2249
2018-10-15,8.2045,8.2675,8.1975,8.2443
2018-10-16,8.2399,8.2659,8.2222,8.244
2018-10-17,8.2436,8.276,8.2008,8.2102
2018-10-18,8.2077,8.212,8.1306,8.1325
2018-10-19,8.1366,8.1715,8.1157,8.1627
2018-10-22,8.1567,8.189,8.1448,8.176
2018-10-23,8.176,8.1834,8.1085,8.1132
2018-10-24,8.1162,8.1259,8.0241,8.0324
2018-10-25,8.0336,8.0565,8.0188,8.0342
2018-10-26,8.0293,8.0571,7.9952,8.0081
2018-10-29,8.0287,8.0717,8.0202,8.0309
2018-10-30,8.0229,8.0553,8.0184,8.0278
2018-10-31,8.0281,8.0944,8.0281,8.0709
2018-11-01,8.0721,8.1267,8.0694,8.0803
2018-11-02,8.0838,8.0843,8.0209,8.0439
2018-11-05,8.0341,8.0736,8.0296,8.0665
2018-11-06,8.067,8.0723,8.0401,8.0615
2018-11-07,8.0623,8.1091,8.0233,8.0279
2018-11-08,8.0311,8.087,8.0263,8.0547
2018-11-09,8.0218,8.0584,7.9767,8.0049
2018-11-12,7.9766,8.0235,7.9608,7.9658
2018-11-13,7.9663,8.0206,7.9482,7.9777
2018-11-14,7.9683,7.9783,7.9191,7.9612
2018-11-15,7.961,7.9724,7.912,7.9315
2018-11-16,7.9297,7.9938,7.9214,7.9857
2018-11-19,7.9909,7.9959,7.9306,7.9509
2018-11-20,7.9495,7.9511,7.846,7.8505
2018-11-21,7.8574,7.8799,7.8447,7.8641
2018-11-22,7.8916,7.8964,7.8139,7.8176
2018-11-23,7.8212,7.8237,7.7502,7.7743
2018-11-26,7.7693,7.8379,7.7329,7.7898
2018-11-27,7.7894,7.8162,7.768,7.7771
2018-11-28,7.7679,7.8081,7.7493,7.7869
2018-11-29,7.7613,7.7675,7.6836,7.6859
2018-11-30,7.6905,7.696,7.6416,7.6528
2018-12-03,7.6817,7.8148,7.6789,7.8148
2018-12-04,7.8155,7.8859,7.8134,7.8169
2018-12-05,7.8165,7.8789,7.7941,7.8585
2018-12-06,7.858,7.9058,7.8394,7.8458
2018-12-07,7.8811,7.9081,7.8318,7.8827
2018-12-10,7.9059,8.0263,7.8759,7.9706
2018-12-11,7.972,7.9811,7.8988,7.9522
2018-12-12,7.9649,7.9649,7.8566,7.9008
2018-12-13,7.9037,7.9228,7.8694,7.8974
2018-12-14,7.895,7.9372,7.8837,7.9372
2018-12-17,7.9366,7.9404,7.8759,7.9088
2018-12-18,7.9084,7.9092,7.7812,7.7889
2018-12-19,7.7669,7.7771,7.7191,7.7705
2018-12-20,7.7728,7.8316,7.7195,7.7956
2018-12-21,7.7989,7.8385,7.7388,7.7774
2018-12-24,7.7535,7.7799,7.7099,7.743
2018-12-25,7.7348,7.7601,7.7176,7.7289
2018-12-26,7.706,7.7344,7.6958,7.7141
2018-12-27,7.7063,7.8141,7.7063,7.7698
2018-12-28,7.7933,7.8318,7.7679,7.7851
2018-12-31,7.7893,7.8563,7.7685,7.8562
2019-01-01,7.8534,7.8713,7.8245,7.8318
2019-01-02,7.8295,7.8796,7.7557,7.7557
2019-01-03,7.7526,7.8225,7.7353,7.7957
2019-01-04,7.792,7.7976,7.7476,7.761
2019-01-07,7.7711,7.8469,7.7505,7.8419
2019-01-08,7.8484,7.9034,7.8239,7.856
2019-01-09,7.861,7.9622,7.8594,7.9611
2019-01-10,7.9622,7.9634,7.905,7.907
2019-01-11,7.9154,7.9547,7.8727,7.8796
2019-01-14,7.8776,7.9362,7.8751,7.9056
2019-01-15,7.9055,7.9596,7.9005,7.9216
2019-01-16,7.9231,7.9489,7.8848,7.8877
2019-01-17,7.9059,7.9253,7.8601,7.8721
2019-01-18,7.8765,7.9197,7.8734,7.8866
2019-01-21,7.8982,7.9232,7.8889,7.8971
2019-01-22,7.8971,7.9137,7.8859,7.8932
2019-01-23,7.8928,7.9123,7.8875,7.8922
2019-01-24,7.8907,7.9088,7.8087,7.8177
2019-01-25,7.827,7.8513,7.8115,7.8338
2019-01-28,7.857,7.8729,7.8379,7.8526
2019-01-29,7.8468,7.8786,7.8443,7.8776
2019-01-30,7.8776,7.8808,7.8167,7.8735
2019-01-31,7.8877,7.8897,7.8294,7.8446
2019-02-01,7.8448,7.9105,7.837,7.8806
2019-02-04,7.8892,7.9143,7.8581,7.8724
2019-02-05,7.8757,7.8832,7.8432,7.8439
2019-02-06,7.8433,7.8487,7.7719,7.7721
2019-02-07,7.7848,7.7894,7.6948,7.7018
2019-02-08,7.7015,7.7071,7.6559,7.6652
2019-02-11,7.6739,7.6881,7.6426,7.646
2019-02-12,7.6463,7.6603,7.5964,7.6196
2019-02-13,7.6234,7.7065,7.6075,7.6455
2019-02-14,7.6422,7.6744,7.6243,7.6423
2019-02-15,7.6415,7.6941,7.6408,7.6874
2019-02-18,7.6988,7.7305,7.6965,7.7089
2019-02-19,7.7133,7.7286,7.5961,7.6551
2019-02-20,7.6559,7.6711,7.6147,7.6268
2019-02-21,7.6327,7.6347,7.5904,7.5921
2019-02-22,7.6003,7.6237,7.5898,7.5986
2019-02-25,7.6017,7.6361,7.5916,7.6052
2019-02-26,7.6055,7.6555,7.6018,7.6479
2019-02-27,7.6533,7.7089,7.6339,7.6774
2019-02-28,7.677,7.7393,7.6609,7.6613
2019-03-01,7.6615,7.6914,7.6418,7.6608
2019-03-04,7.6662,7.6662,7.5861,7.589
2019-03-05,7.5934,7.5934,7.5495,7.5642
2019-03-06,7.5724,7.5766,7.5245,7.5381
2019-03-07,7.5404,7.5458,7.4038,7.4038
2019-03-08,7.4107,7.4282,7.3553,7.4282
2019-03-11,7.4212,7.4545,7.4128,7.449
2019-03-12,7.4478,7.4497,7.4044,7.4343
2019-03-13,7.4296,7.4953,7.4164,7.4918
2019-03-14,7.4736,7.4956,7.4258,7.4547
2019-03-15,7.4561,7.473,7.4333,7.4671
2019-03-18,7.4672,7.4775,7.4177,7.4341
2019-03-19,7.4338,7.5159,7.4059,7.4956
2019-03-20,7.4966,7.5237,7.4681,7.5179
2019-03-21,7.5359,7.5447,7.4718,7.4974
2019-03-22,7.4977,7.5107,7.4138,7.4583
2019-03-25,7.4469,7.4783,7.4338,7.459
2019-03-26,7.4622,7.4839,7.4389,7.4689
2019-03-27,7.4571,7.4736,7.4237,7.4444
2019-03-28,7.4474,7.4548,7.3984,7.4449
2019-03-29,7.4449,7.4795,7.432,7.4558
2019-04-01,7.4556,7.5056,7.4465,7.4549
2019-04-02,7.4488,7.4599,7.3722,7.3901
2019-04-03,7.3896,7.4166,7.3614,7.388
2019-04-04,7.3927,7.4609,7.3923,7.4273
2019-04-05,7.4288,7.4709,7.4288,7.4352
2019-04-08,7.4403,7.5316,7.4401,7.5093
2019-04-09,7.5038,7.525,7.4785,7.4821
2019-04-10,7.4824,7.49,7.4388,7.4639
2019-04-11,7.4641,7.4705,7.4208,7.4338
2019-04-12,7.4567,7.4808,7.4541,7.4636
2019-04-15,7.4686,7.5092,7.4686,7.4846
2019-04-16,7.4857,7.5248,7.479,7.5125
2019-04-17,7.5062,7.5347,7.5013,7.5073
2019-04-18,7.5081,7.5175,7.4422,7.4567
2019-04-19,7.4544,7.4672,7.45,7.45
2019-04-22,7.4553,7.5057,7.4553,7.4943
2019-04-23,7.485,7.4876,7.4297,7.4569
2019-04-24,7.4534,7.4744,7.4086,7.4142
2019-04-25,7.416,7.4361,7.3271,7.3594
2019-04-26,7.3582,7.3837,7.3367,7.3396
2019-04-29,7.3426,7.3528,7.3254,7.3425
2019-04-30,7.3432,7.3624,7.3208,7.3208
2019-05-01,7.3346,7.3373,7.2855,7.2865
2019-05-02,7.2976,7.3062,7.2442,7.2477
2019-05-03,7.2402,7.2507,7.2004,7.2397
2019-05-06,7.2237,7.2644,7.2139,7.246
2019-05-07,7.2485,7.2671,7.2383,7.2535
2019-05-08,7.2542,7.2802,7.2451,7.2531
2019-05-09,7.2507,7.2827,7.2401,7.2728
2019-05-10,7.2727,7.2923,7.2361,7.2831
2019-05-13,7.2784,7.3486,7.2715,7.3258
2019-05-14,7.3256,7.3443,7.3145,7.3217
2019-05-15,7.3214,7.3331,7.2974,7.319
2019-05-16,7.312,7.3207,7.271,7.2741
2019-05-17,7.2815,7.2952,7.2668,7.2894
2019-05-20,7.2923,7.2979,7.1988,7.1995
2019-05-21,7.202,7.2216,7.1927,7.2174
2019-05-22,7.2173,7.2428,7.2113,7.2317
2019-05-23,7.2314,7.2632,7.1984,7.2401
2019-05-24,7.2411,7.2777,7.2411,7.2698
2019-05-27,7.2791,7.2845,7.2471,7.2533
2019-05-28,7.253,7.3014,7.2482,7.2534
2019-05-29,7.2561,7.3165,7.2561,7.3092
2019-05-30,7.3103,7.3328,7.2965,7.324
2019-05-31,7.3232,7.3395,7.2944,7.3252
2019-06-03,7.336,7.3425,7.2915,7.3246
2019-06-04,7.3214,7.3536,7.3043,7.3403
2019-06-05,7.3417,7.3726,7.335,7.3488
2019-06-06,7.3504,7.3648,7.3327,7.3441
2019-06-07,7.3324,7.4092,7.331,7.382
2019-06-10,7.375,7.4018,7.3651,7.3814
2019-06-11,7.3805,7.3839,7.3369,7.3432
2019-06-12,7.3493,7.3546,7.3182,7.3223
2019-06-13,7.3251,7.3381,7.3191,7.3335
2019-06-14,7.3329,7.3872,7.3227,7.3611
2019-06-17,7.3615,7.3792,7.3433,7.3707
2019-06-18,7.3702,7.3798,7.2873,7.2873
2019-06-19,7.2955,7.3473,7.2852,7.3414
2019-06-20,7.3462,7.3949,7.3444,7.3833
2019-06-21,7.3884,7.4463,7.3884,7.4431
2019-06-24,7.4434,7.4692,7.4369,7.4608
2019-06-25,7.4669,7.5063,7.4555,7.4632
2019-06-26,7.4632,7.4828,7.4486,7.4739
2019-06-27,7.4759,7.4795,7.4361,7.4417
2019-06-28,7.4417,7.4559,7.4123,7.4275
2019-07-01,7.4155,7.4291,7.358,7.3618
2019-07-02,7.3625,7.3932,7.3592,7.3805
2019-07-03,7.3793,7.4102,7.3592,7.3885
2019-07-04,7.392,7.4021,7.3404,7.3449
2019-07-05,7.3493,7.3636,7.244,7.2465
2019-07-08,7.2514,7.2919,7.2399,7.2473
2019-07-09,7.2492,7.2733,7.2139,7.2372
2019-07-10,7.2377,7.2756,7.2281,7.2672
2019-07-11,7.2672,7.2992,7.2637,7.2942
2019-07-12,7.2978,7.3297,7.2942,7.3112
2019-07-15,7.3167,7.3295,7.3096,7.3291
2019-07-16,7.329,7.338,7.3051,7.309
2019-07-17,7.3091,7.3585,7.304,7.3481
2019-07-18,7.348,7.3766,7.3413,7.3766
2019-07-19,7.3856,7.3907,7.3228,7.3347
2019-07-22,7.3324,7.3546,7.3202,7.3212
2019-07-23,7.317,7.3211,7.2784,7.298
2019-07-24,7.285,7.3231,7.2755,7.318
2019-07-25,7.3173,7.3214,7.28,7.3024
2019-07-26,7.3058,7.3184,7.2406,7.2485
2019-07-29,7.2511,7.2544,7.2226,7.245
2019-07-30,7.2453,7.2496,7.1881,7.1944
2019-07-31,7.1948,7.2083,7.1165,7.1269
2019-08-01,7.1431,7.1656,7.1176,7.1466
2019-08-02,7.1604,7.2344,7.1604,7.2274
2019-08-05,7.2309,7.4096,7.2236,7.4083
2019-08-06,7.3893,7.4119,7.3426,7.4119
2019-08-07,7.4047,7.4092,7.3591,7.3934
2019-08-08,7.3506,7.3788,7.3347,7.3353
2019-08-09,7.34,7.4402,7.3372,7.4229
2019-08-12,7.4441,7.4562,7.404,7.4534
2019-08-13,7.4493,7.4939,7.4207,7.4747
2019-08-14,7.4324,7.4608,7.3957,7.4041
2019-08-15,7.4115,7.4218,7.4026,7.403
2019-08-16,7.3884,7.4082,7.3422,7.3585
2019-08-19,7.3734,7.3952,7.3499,7.3815
2019-08-20,7.3786,7.4013,7.3622,7.3836
2019-08-21,7.3852,7.4365,7.3802,7.424
2019-08-22,7.4418,7.4647,7.417,7.431
2019-08-23,7.4324,7.4409,7.3872,7.4248
2019-08-26,7.4256,7.5087,7.4202,7.4424
2019-08-27,7.4418,7.4476,7.3908,7.3957
2019-08-28,7.3898,7.4265,7.3764,7.3855
2019-08-29,7.3857,7.407,7.3255,7.3327
2019-08-30,7.3284,7.3351,7.2628,7.3037
2019-09-02,7.3171,7.3432,7.3067,7.3231
2019-09-03,7.3188,7.3463,7.3041,7.3438
2019-09-04,7.3566,7.3986,7.3527,7.3897
2019-09-05,7.3904,7.4413,7.3777,7.4233
2019-09-06,7.4235,7.4567,7.3983,7.4235
2019-09-09,7.429,7.437,7.4122,7.4291
2019-09-10,7.4296,7.4296,7.368,7.4263
2019-09-11,7.4259,7.4277,7.3822,7.3927
2019-09-12,7.3937,7.4002,7.3132,7.3677
2019-09-13,7.3663,7.4171,7.3639,7.3849
2019-09-16,7.3953,7.4426,7.3848,7.4091
2019-09-17,7.4402,7.4402,7.3618,7.3759
2019-09-18,7.3852,7.3882,7.3054,7.3183
2019-09-19,7.3182,7.3734,7.3083,7.3683
2019-09-20,7.3669,7.3733,7.2945,7.3217
2019-09-23,7.3258,7.3262,7.2554,7.2881
2019-09-24,7.2893,7.3443,7.2729,7.3385
2019-09-25,7.3377,7.3418,7.274,7.2784
2019-09-26,7.2791,7.2909,7.2602,7.2617
2019-09-27,7.2639,7.2718,7.1707,7.2101
2019-09-30,7.1994,7.2301,7.1734,7.1734
2019-10-01,7.1736,7.2094,7.1521,7.1959
2019-10-02,7.1969,7.2193,7.1858,7.2034
2019-10-03,7.2036,7.2231,7.1592,7.1993
2019-10-04,7.2045,7.2105,7.1786,7.1948
2019-10-07,7.1935,7.2192,7.1566,7.1604
2019-10-08,7.1624,7.2,7.1548,7.1583
2019-10-09,7.1645,7.1661,7.1324,7.1455
2019-10-10,7.1545,7.23,7.1411,7.2124
2019-10-11,7.2075,7.2494,7.2075,7.2292
2019-10-14,7.2271,7.2593,7.2075,7.2532
2019-10-15,7.2543,7.3076,7.2517,7.288
2019-10-16,7.288,7.309,7.2661,7.2987
2019-10-17,7.2976,7.3474,7.2628,7.3264
2019-10-18,7.3255,7.3869,7.3252,7.3869
2019-10-21,7.3637,7.3815,7.3384,7.3544
2019-10-22,7.3544,7.3714,7.3338,7.3373
2019-10-23,7.3403,7.3569,7.3211,7.3334
2019-10-24,7.3334,7.4253,7.3326,7.3556
2019-10-25,7.3435,7.3521,7.2983,7.3119
2019-10-28,7.3129,7.3193,7.2834,7.2863
2019-10-29,7.2858,7.3073,7.2668,7.3047
2019-10-30,7.3049,7.3593,7.2858,7.3573
2019-10-31,7.3576,7.3682,7.336,7.3635
2019-11-01,7.3627,7.3842,7.3448,7.3842
2019-11-04,7.3834,7.4098,7.3553,7.3569
2019-11-05,7.3562,7.3685,7.3176,7.3306
2019-11-06,7.331,7.3933,7.3234,7.3813
2019-11-07,7.3796,7.4013,7.3652,7.377
2019-11-08,7.3906,7.3992,7.3436,7.361
2019-11-11,7.3541,7.3801,7.342,7.3798
2019-11-12,7.3797,7.3916,7.3745,7.3844
2019-11-13,7.3901,7.4161,7.359,7.4139
2019-11-14,7.4146,7.4336,7.3754,7.4328
2019-11-15,7.432,7.4423,7.4116,7.4229
2019-11-18,7.4352,7.4859,7.428,7.4754
2019-11-19,7.468,7.468,7.4372,7.4561
2019-11-20,7.4557,7.4557,7.3936,7.4433
2019-11-21,7.4422,7.4751,7.4356,7.4541
2019-11-22,7.4547,7.4806,7.4421,7.4499
2019-11-25,7.4612,7.4868,7.4265,7.4377
2019-11-26,7.4324,7.4586,7.4221,7.4562
2019-11-27,7.4542,7.4553,7.4284,7.4475
2019-11-28,7.4376,7.4864,7.4375,7.4795
2019-11-29,7.484,7.5251,7.4833,7.4937
2019-12-02,7.4966,7.5195,7.4847,7.5078
2019-12-03,7.5052,7.5431,7.5009,7.5347
2019-12-04,7.5293,7.5321,7.4931,7.5163
2019-12-05,7.5187,7.5377,7.4894,7.5049
2019-12-06,7.5082,7.5341,7.4913,7.5064
2019-12-09,7.501,7.5021,7.4412,7.4412
2019-12-10,7.4452,7.4629,7.4252,7.4559
2019-12-11,7.4564,7.5329,7.4457,7.532
2019-12-12,7.5322,7.5625,7.4981,7.5566
2019-12-13,7.5388,7.5846,7.5084,7.5213
2019-12-16,7.5501,7.5997,7.5455,7.5706
2019-12-17,7.5682,7.584,7.5407,7.5692
2019-12-18,7.572,7.5728,7.5325,7.5351
2019-12-19,7.5487,7.5743,7.5304,7.5646
2019-12-20,7.5639,7.5749,7.5404,7.5592
2019-12-23,7.5501,7.5699,7.5356,7.5469
2019-12-24,7.5466,7.5745,7.5423,7.5674
2019-12-25,7.5676,7.5966,7.5656,7.5718
2019-12-26,7.5751,7.583,7.5645,7.5787
2019-12-27,7.578,7.6641,7.5618,7.6539
2019-12-30,7.6559,7.6662,7.6238,7.63
2019-12-31,7.6285,7.6732,7.601,7.6232
2020-01-01,7.6232,7.6232,7.6048,7.606
2020-01-02,7.6222,7.6509,7.6031,7.6043
2020-01-03,7.6224,7.6526,7.5884,7.635
2020-01-06,7.6285,7.6618,7.6242,7.6452
2020-01-07,7.6445,7.6455,7.5948,7.5971
2020-01-08,7.5948,7.627,7.5497,7.556
2020-01-09,7.5587,7.5703,7.4904,7.5101
2020-01-10,7.5073,7.5078,7.4524,7.4662
2020-01-13,7.4667,7.4779,7.4333,7.4706
2020-01-14,7.4776,7.5049,7.4722,7.4829
2020-01-15,7.4846,7.4955,7.4683,7.4714
2020-01-16,7.4714,7.4992,7.4693,7.4766
2020-01-17,7.4773,7.494,7.4608,7.4659
2020-01-20,7.4667,7.4775,7.4571,7.462
2020-01-21,7.4558,7.4932,7.4555,7.4722
2020-01-22,7.4716,7.492,7.4603,7.4777
2020-01-23,7.479,7.5062,7.474,7.4925
2020-01-24,7.4902,7.4914,7.4469,7.4535
2020-01-27,7.4528,7.4627,7.4145,7.4209
2020-01-28,7.4232,7.4266,7.3925,7.4133
2020-01-29,7.4136,7.4247,7.3949,7.4078
2020-01-30,7.411,7.4303,7.4001,7.4264
2020-01-31,7.4243,7.4386,7.3653,7.4318
2020-02-03,7.4294,7.4393,7.373,7.3896
2020-02-04,7.3924,7.4228,7.3722,7.4188
2020-02-05,7.422,7.4538,7.4146,7.4324
2020-02-06,7.4238,7.438,7.3865,7.3985
2020-02-07,7.3986,7.4395,7.3866,7.404
2020-02-10,7.4016,7.4087,7.3711,7.3765
2020-02-11,7.3833,7.404,7.3677,7.3989
2020-02-12,7.3967,7.42,7.388,7.4
2020-02-13,7.3903,7.4166,7.3624,7.3712
2020-02-14,7.3706,7.379,7.3533,7.3569
2020-02-17,7.3553,7.3652,7.3296,7.3634
2020-02-18,7.356,7.3568,7.3128,7.3173
2020-02-19,7.3164,7.3219,7.286,7.3173
2020-02-20,7.3225,7.3348,7.2903,7.3068
2020-02-21,7.3094,7.4035,7.3019,7.3988
2020-02-24,7.3629,7.4099,7.3283,7.3991
2020-02-25,7.3977,7.4025,7.3467,7.3952
2020-02-26,7.393,7.393,7.3416,7.3539
2020-02-27,7.3612,7.4455,7.357,7.418
2020-02-28,7.4198,7.4939,7.3941,7.4884
2020-03-02,7.542,7.6618,7.523,7.5836
2020-03-03,7.6363,7.757,7.5899,7.7543
2020-03-04,7.7277,7.7893,7.7066,7.7574
2020-03-05,7.7597,7.8288,7.7055,7.8288
2020-03-06,7.8086,7.9268,7.7803,7.8706
2020-03-09,7.8792,7.9416,7.8538,7.917
2020-03-10,7.8473,7.8646,7.718,7.718
2020-03-11,7.7971,7.8331,7.7544,7.7847
2020-03-12,7.7285,7.7938,7.5394,7.6529
2020-03-13,7.6322,7.6589,7.5281,7.5797
2020-03-16,7.5828,7.7148,7.5162,7.5628
2020-03-17,7.5658,7.6199,7.4191,7.4918
2020-03-18,7.4988,7.548,7.1987,7.2711
2020-03-19,7.2793,7.3189,7.1847,7.2216
2020-03-20,7.2401,7.3469,7.2121,7.2517
2020-03-23,7.2358,7.4667,7.2167,7.4007
2020-03-24,7.3953,7.5408,7.3845,7.5285
2020-03-25,7.5386,7.5669,7.4797,7.5071
2020-03-26,7.5891,7.5891,7.4151,7.5137
2020-03-27,7.5194,7.5977,7.4898,7.5907
2020-03-30,7.5932,7.6008,7.4849,7.5161
2020-03-31,7.5119,7.6185,7.4431,7.6089
2020-04-01,7.5942,7.6462,7.497,7.6379
2020-04-02,7.6122,7.6154,7.5071,7.5457
2020-04-03,7.5538,7.5647,7.4726,7.5114
2020-04-06,7.4973,7.5306,7.4682,7.5097
2020-04-07,7.5093,7.598,7.503,7.5251
2020-04-08,7.509,7.5929,7.4981,7.5424
2020-04-09,7.5418,7.6437,7.5327,7.6404
2020-04-10,7.6676,7.6685,7.6249,7.6453
2020-04-13,7.6609,7.7049,7.6182,7.626
2020-04-14,7.6255,7.664,7.6026,7.6456
2020-04-15,7.6529,7.6684,7.6078,7.6284
2020-04-16,7.607,7.6986,7.6017,7.6675
2020-04-17,7.6717,7.6899,7.5937,7.6683
2020-04-20,7.6614,7.6738,7.6326,7.6456
2020-04-21,7.6604,7.6632,7.5951,7.6306
2020-04-22,7.6203,7.6243,7.5453,7.5659
2020-04-23,7.5603,7.5709,7.5038,7.5359
2020-04-24,7.54,7.6087,7.5378,7.6032
2020-04-27,7.6023,7.633,7.5788,7.6121
2020-04-28,7.6149,7.7037,7.6017,7.6889
2020-04-29,7.7021,7.7128,7.6266,7.6435
2020-04-30,7.6557,7.737,7.6094,7.737
2020-05-01,7.7146,7.7498,7.6892,7.6996
2020-05-04,7.64,7.6881,7.6293,7.6678
2020-05-05,7.6979,7.7338,7.6528,7.7296
2020-05-06,7.7213,7.7428,7.6785,7.7288
2020-05-07,7.7295,7.7491,7.687,7.7172
2020-05-08,7.7422,7.7605,7.6858,7.7351
2020-05-11,7.7256,7.7604,7.6784,7.6834
2020-05-12,7.6578,7.7449,7.6517,7.6957
2020-05-13,7.7025,7.7405,7.6723,7.6781
2020-05-14,7.677,7.7014,7.6427,7.7013
2020-05-15,7.7012,7.7171,7.677,7.6926
2020-05-18,7.6856,7.7998,7.6856,7.7938
2020-05-19,7.7957,7.8493,7.7835,7.82
2020-05-20,7.8163,7.8867,7.8081,7.8789
2020-05-21,7.8779,7.9063,7.8479,7.8617
2020-05-22,7.851,7.8677,7.8252,7.8658
2020-05-25,7.8628,7.8641,7.8409,7.8464
2020-05-26,7.8333,7.8791,7.8215,7.8624
2020-05-27,7.8446,7.8934,7.8329,7.8923
2020-05-28,7.8981,7.9813,7.8737,7.956
2020-05-29,7.9603,8.0302,7.9588,8.0302
2020-06-01,8.0526,8.0691,8.0133,8.0639
2020-06-02,8.0656,8.073,8.0327,8.0384
2020-06-03,8.0843,8.1523,8.0752,8.1316
2020-06-04,8.1094,8.2476,8.0733,8.2228
2020-06-05,8.2164,8.258,8.2109,8.2365
2020-06-08,8.2423,8.246,8.1787,8.1931
2020-06-09,8.2201,8.2354,8.1327,8.2174
2020-06-10,8.2036,8.2625,8.1675,8.2389
2020-06-11,8.2329,8.2531,8.1213,8.1438
2020-06-12,8.118,8.2105,8.0929,8.1185
2020-06-15,8.1042,8.1724,8.0803,8.1723
2020-06-16,8.1864,8.2098,8.105,8.1664
2020-06-17,8.121,8.1877,8.1108,8.1789
2020-06-18,8.1484,8.1761,8.08,8.1067
2020-06-19,8.0789,8.1079,8.0451,8.0451
2020-06-22,8.0468,8.0977,8.0447,8.0815
2020-06-23,8.1177,8.1711,8.0705,8.1417
2020-06-24,8.1593,8.1694,8.0725,8.0774
2020-06-25,8.0826,8.1144,8.0642,8.1064
2020-06-26,8.1025,8.1167,8.0704,8.0994
2020-06-29,8.1045,8.1415,8.0857,8.0922
2020-06-30,8.0932,8.1361,8.0517,8.1055
2020-07-01,8.0992,8.1259,8.073,8.1061
2020-07-02,8.0997,8.1481,8.0083,8.0187
2020-07-03,8.0247,8.0539,8.0022,8.0216
2020-07-06,8.0309,8.0846,8.0248,8.0747
2020-07-07,8.0766,8.1112,8.0443,8.0744
2020-07-08,8.0789,8.1725,8.0769,8.162
2020-07-09,8.1611,8.1935,8.131,8.1332
2020-07-10,8.1383,8.1979,8.1147,8.1725
2020-07-13,8.1747,8.2293,8.1663,8.1818
2020-07-14,8.1859,8.2933,8.1767,8.2933
2020-07-15,8.3,8.3146,8.2672,8.2816
2020-07-16,8.2832,8.3144,8.2544,8.2751
2020-07-17,8.2807,8.302,8.2629,8.2916
2020-07-20,8.2784,8.3404,8.2748,8.3273
2020-07-21,8.3408,8.4035,8.3261,8.4004
2020-07-22,8.4077,8.4307,8.3877,8.4119
2020-07-23,8.4065,8.4705,8.4062,8.4439
2020-07-24,8.4465,8.4687,8.4301,8.4687
2020-07-27,8.488,8.574,8.4876,8.574
2020-07-28,8.5682,8.5715,8.5139,8.5318
2020-07-29,8.5337,8.5958,8.5096,8.5877
2020-07-30,8.5859,8.6146,8.5215,8.6061
2020-07-31,8.627,8.6519,8.5153,8.5332
2020-08-03,8.5356,8.6123,8.5154,8.5901
2020-08-04,8.5917,8.6166,8.5562,8.6047
2020-08-05,8.6048,8.6483,8.5873,8.628
2020-08-06,8.6321,8.6705,8.5925,8.6235
2020-08-07,8.6237,8.6237,8.556,8.5672
2020-08-10,8.5767,8.5881,8.5472,8.56
2020-08-11,8.5532,8.5697,8.5064,8.5188
2020-08-12,8.5151,8.6083,8.4912,8.5937
2020-08-13,8.6209,8.6456,8.6033,8.6145
2020-08-14,8.6076,8.6197,8.5831,8.6139
2020-08-17,8.623,8.6379,8.5882,8.6045
2020-08-18,8.6049,8.6615,8.5991,8.6388
2020-08-19,8.6396,8.6762,8.6086,8.6124
2020-08-20,8.6079,8.6225,8.5572,8.6225
2020-08-21,8.6196,8.6263,8.5003,8.5159
2020-08-24,8.5189,8.5308,8.4318,8.4336
2020-08-25,8.4396,8.5009,8.4302,8.4804
2020-08-26,8.4695,8.5377,8.4646,8.5184
2020-08-27,8.5169,8.528,8.4273,8.4682
2020-08-28,8.4853,8.5053,8.4459,8.4857
2020-08-31,8.4842,8.5273,8.4737,8.4737
2020-09-01,8.4767,8.5139,8.4071,8.4141
2020-09-02,8.3927,8.4347,8.382,8.3971
2020-09-03,8.3924,8.4132,8.3639,8.4019
2020-09-04,8.4004,8.4195,8.324,8.3825
2020-09-07,8.3846,8.3953,8.3506,8.376
2020-09-08,8.3806,8.4166,8.3502,8.3579
2020-09-09,8.3393,8.3975,8.3175,8.3846
2020-09-10,8.3829,8.4413,8.3665,8.3904
2020-09-11,8.3779,8.4252,8.3447,8.3729
2020-09-14,8.3728,8.3964,8.3569,8.3655
2020-09-15,8.3712,8.4211,8.3617,8.3656
2020-09-16,8.3584,8.3986,8.3404,8.351
2020-09-17,8.3451,8.4013,8.3074,8.3932
2020-09-18,8.3815,8.4026,8.3503,8.3964
2020-09-21,8.3874,8.4152,8.2788,8.3179
2020-09-22,8.3099,8.3174,8.2436,8.2498
2020-09-23,8.2475,8.2506,8.1677,8.1677
2020-09-24,8.1735,8.1917,8.0826,8.1093
2020-09-25,8.122,8.1249,8.045,8.0721
2020-09-28,8.075,8.1726,8.0592,8.1558
2020-09-29,8.1632,8.24,8.1558,8.2378
2020-09-30,8.2316,8.2354,8.1565,8.2202
2020-10-01,8.2192,8.2377,8.175,8.2063
2020-10-02,8.2052,8.2506,8.1892,8.2188
2020-10-05,8.2095,8.2359,8.2047,8.2217
2020-10-06,8.2151,8.2766,8.2145,8.2145
2020-10-07,8.1906,8.2566,8.1906,8.2521
2020-10-08,8.2621,8.2747,8.2333,8.2742
2020-10-09,8.2768,8.3074,8.2536,8.3066
2020-10-12,8.2975,8.3481,8.2941,8.3429
2020-10-13,8.3404,8.3728,8.3081,8.3226
2020-10-14,8.3191,8.3243,8.2918,8.3105
2020-10-15,8.303,8.3064,8.2588,8.2808
2020-10-16,8.267,8.3128,8.254,8.3075
2020-10-19,8.316,8.3475,8.2874,8.313
2020-10-20,8.3068,8.4085,8.296,8.3962
2020-10-21,8.4054,8.4541,8.4025,8.4372
2020-10-22,8.4199,8.4349,8.3887,8.3954
2020-10-23,8.3879,8.4501,8.3666,8.4501
2020-10-26,8.4355,8.4726,8.4009,8.4539
2020-10-27,8.46,8.473,8.413,8.4522
2020-10-28,8.4211,8.4649,8.3619,8.3798
2020-10-29,8.3847,8.4037,8.3176,8.336
2020-10-30,8.3293,8.415,8.3293,8.3849
2020-11-02,8.3914,8.3914,8.3363,8.3576
2020-11-03,8.3657,8.4528,8.332,8.4528
2020-11-04,8.4447,8.4679,8.3709,8.444
2020-11-05,8.4475,8.5369,8.4417,8.5053
2020-11-06,8.504,8.5769,8.475,8.5637
2020-11-09,8.5737,8.6194,8.5564,8.5728
2020-11-10,8.6122,8.637,8.5689,8.6207
2020-11-11,8.6234,8.6371,8.5821,8.6142
2020-11-12,8.6375,8.6766,8.5931,8.6255
2020-11-13,8.6517,8.6517,8.573,8.5789
2020-11-16,8.5969,8.6275,8.5842,8.6108
2020-11-17,8.6248,8.6625,8.6193,8.6331
2020-11-18,8.6387,8.6519,8.6062,8.6337
2020-11-19,8.6251,8.634,8.5788,8.6239
2020-11-20,8.6237,8.6379,8.5921,8.5958
2020-11-23,8.6139,8.6245,8.5661,8.6032
2020-11-24,8.6085,8.6759,8.5758,8.6759
2020-11-25,8.6712,8.6869,8.646,8.6813
2020-11-26,8.6894,8.6955,8.6355,8.662
2020-11-27,8.6628,8.7169,8.6526,8.7135
2020-11-30,8.6895,8.754,8.6325,8.6331
2020-12-01,8.6479,8.688,8.5866,8.6865
2020-12-02,8.6937,8.7197,8.632,8.7162
2020-12-03,8.705,8.754,8.6945,8.7418
2020-12-04,8.7499,8.7509,8.7191,8.7265
2020-12-07,8.7254,8.8363,8.6785,8.7876
2020-12-08,8.7889,8.7925,8.679,8.7002
2020-12-09,8.7061,8.7221,8.6609,8.6663
2020-12-10,8.6878,8.7463,8.6761,8.7296
2020-12-11,8.742,8.7431,8.688,8.717
2020-12-14,8.7516,8.7893,8.7087,8.7666
2020-12-15,8.7722,8.7829,8.7454,8.7773
2020-12-16,8.7703,8.8329,8.7654,8.7981
2020-12-17,8.818,8.9168,8.812,8.8849
2020-12-18,8.8977,8.9111,8.8487,8.9067
2020-12-21,8.893,8.9814,8.7637,8.9684
2020-12-22,8.9783,8.9783,8.8513,8.8596
2020-12-23,8.8508,8.9109,8.8504,8.9025
2020-12-24,8.9022,8.925,8.8809,8.9074
2020-12-25,8.9089,8.9169,8.9089,8.9108
2020-12-28,8.9032,8.9501,8.8682,8.8762
2020-12-29,8.8651,8.9656,8.8651,8.9431
2020-12-30,8.967,8.9715,8.9113,8.9189
2020-12-31,8.9252,8.9617,8.8749,8.8778
2021-01-01,8.8805,8.8883,8.8761,8.8883
2021-01-04,8.9159,8.9446,8.8556,8.8556
2021-01-05,8.8564,8.9522,8.8534,8.937
2021-01-06,8.9357,8.991,8.9116,8.9544
2021-01-07,8.9658,8.9699,8.9182,8.9577
2021-01-08,8.969,8.9702,8.8999,8.9024
2021-01-11,8.9043,8.9134,8.8357,8.8638
2021-01-12,8.8505,8.8817,8.8185,8.8814
2021-01-13,8.8824,8.8908,8.7503,8.7715
2021-01-14,8.7689,8.799,8.7491,8.7922
2021-01-15,8.7996,8.8016,8.7073,8.7178
2021-01-18,8.7354,8.7456,8.6958,8.7177
2021-01-19,8.7219,8.7999,8.7089,8.7665
2021-01-20,8.7864,8.7922,8.7026,8.7371
2021-01-21,8.7407,8.8296,8.7353,8.8206
2021-01-22,8.828,8.8294,8.7935,8.7961
2021-01-25,8.7977,8.8345,8.7727,8.8089
2021-01-26,8.8109,8.8134,8.7739,8.7851
2021-01-27,8.7855,8.7912,8.7009,8.736
2021-01-28,8.7375,8.7665,8.7064,8.7437
2021-01-29,8.7582,8.763,8.7054,8.7122
2021-02-01,8.7311,8.7467,8.6726,8.6747
2021-02-02,8.6765,8.7031,8.6405,8.6937
2021-02-03,8.6958,8.7003,8.6432,8.6636
2021-02-04,8.6638,8.6804,8.6079,8.6296
2021-02-05,8.6295,8.6992,8.5996,8.696
2021-02-08,8.6938,8.7001,8.6686,8.6863
2021-02-09,8.6931,8.7571,8.6888,8.7473
2021-02-10,8.7534,8.792,8.7421,8.7512
2021-02-11,8.7524,8.768,8.7257,8.7378
2021-02-12,8.7383,8.7465,8.6993,8.741
2021-02-15,8.7452,8.7868,8.7362,8.7677
2021-02-16,8.7679,8.8079,8.7678,8.7908
2021-02-17,8.7839,8.7986,8.7221,8.7475
2021-02-18,8.7444,8.7538,8.7052,8.7411
2021-02-19,8.747,8.7766,8.7255,8.775
2021-02-22,8.7781,8.7807,8.7172,8.7488
2021-02-23,8.7833,8.7833,8.7137,8.7384
2021-02-24,8.7436,8.7535,8.6953,8.7071
2021-02-25,8.7473,8.8309,8.7316,8.7762
2021-02-26,8.7816,8.8542,8.7686,8.8096
2021-03-01,8.7783,8.7814,8.652,8.6904
2021-03-02,8.711,8.7518,8.6677,8.7395
2021-03-03,8.7358,8.7417,8.6563,8.6563
2021-03-04,8.6607,8.6714,8.5808,8.6071
2021-03-05,8.5998,8.6147,8.5361,8.574
2021-03-08,8.5782,8.5859,8.5301,8.5392
2021-03-09,8.5439,8.5732,8.5294,8.5671
2021-03-10,8.5637,8.5889,8.5484,8.5758
2021-03-11,8.5706,8.6167,8.5504,8.6067
2021-03-12,8.6048,8.6128,8.5361,8.5667
2021-03-15,8.5712,8.5766,8.4839,8.5128
2021-03-16,8.5156,8.5492,8.4982,8.5396
2021-03-17,8.5316,8.5662,8.5059,8.5607
2021-03-18,8.566,8.5882,8.5195,8.5377
2021-03-19,8.5325,8.5378,8.452,8.4738
2021-03-22,8.4686,8.5161,8.4359,8.5119
2021-03-23,8.5109,8.5216,8.4396,8.443
2021-03-24,8.4378,8.46,8.4086,8.4475
2021-03-25,8.4298,8.4496,8.3834,8.4016
2021-03-26,8.3961,8.4119,8.3642,8.4119
2021-03-29,8.3797,8.3832,8.352,8.3742
2021-03-30,8.3714,8.4275,8.3683,8.4069
2021-03-31,8.4069,8.4322,8.3757,8.3845
2021-04-01,8.3841,8.4203,8.3719,8.4143
2021-04-02,8.4126,8.4201,8.3975,8.4201
2021-04-05,8.417,8.4313,8.3665,8.4248
2021-04-06,8.4233,8.5365,8.4023,8.5277
2021-04-07,8.5294,8.6587,8.5204,8.6284
2021-04-08,8.6183,8.7397,8.6096,8.7343
2021-04-09,8.7313,8.7618,8.7096,8.7557
2021-04-12,8.7474,8.7702,8.7238,8.7494
2021-04-13,8.7459,8.8534,8.7288,8.841
2021-04-14,8.8347,8.8918,8.8337,8.8712
2021-04-15,8.8716,8.888,8.8417,8.8603
2021-04-16,8.8545,8.8578,8.7998,8.8292
2021-04-19,8.8144,8.9355,8.8031,8.9093
2021-04-20,8.9166,8.9614,8.895,8.9433
2021-04-21,8.9421,8.9742,8.8991,8.967
2021-04-22,8.975,8.9805,8.8956,8.9069
2021-04-23,8.9136,8.9411,8.8842,8.9411
2021-04-26,8.938,8.9498,8.908,8.908
2021-04-27,8.9119,8.9274,8.8672,8.905
2021-04-28,8.9089,8.9347,8.8654,8.9209
2021-04-29,8.913,8.913,8.8322,8.8602
2021-04-30,8.8429,8.8534,8.7403,8.7432
2021-05-03,8.7495,8.7945,8.7346,8.7851
2021-05-04,8.7791,8.7802,8.6867,8.6972
2021-05-05,8.6958,8.7276,8.6824,8.6962
2021-05-06,8.6928,8.7382,8.6827,8.7361
2021-05-07,8.7308,8.8237,8.7303,8.8237
2021-05-10,8.8254,8.8392,8.797,8.802
2021-05-11,8.8041,8.8497,8.7898,8.8271
2021-05-12,8.8175,8.8329,8.7221,8.7234
2021-05-13,8.7265,8.7607,8.7072,8.7409
2021-05-14,8.7422,8.7933,8.7306,8.7933
2021-05-17,8.7998,8.8076,8.7563,8.8075
2021-05-18,8.809,8.8297,8.7796,8.8227
2021-05-19,8.8212,8.8332,8.7451,8.7626
2021-05-20,8.7575,8.8019,8.7438,8.7913
2021-05-21,8.7963,8.8089,8.7367,8.7455
2021-05-24,8.7463,8.7717,8.7442,8.7624
2021-05-25,8.7588,8.8211,8.7574,8.8149
2021-05-26,8.8166,8.8212,8.7369,8.7387
2021-05-27,8.7403,8.7904,8.7279,8.7684
2021-05-28,8.7796,8.7796,8.6931,8.7137
2021-05-31,8.7171,8.7516,8.7065,8.7404
2021-06-01,8.7499,8.8359,8.7446,8.8025
2021-06-02,8.8054,8.8579,8.8025,8.8218
2021-06-03,8.824,8.8387,8.7553,8.7613
2021-06-04,8.7645,8.8168,8.7445,8.8083
2021-06-07,8.8077,8.818,8.7795,8.814
2021-06-08,8.8144,8.8295,8.7936,8.8145
2021-06-09,8.8187,8.8554,8.8142,8.8336
2021-06-10,8.8309,8.8653,8.8156,8.8621
2021-06-11,8.859,8.8628,8.7873,8.8041
2021-06-14,8.7949,8.813,8.7784,8.7935
2021-06-15,8.7934,8.8338,8.7828,8.8086
2021-06-16,8.8117,8.815,8.7525,8.7567
2021-06-17,8.6744,8.727,8.6678,8.6737
2021-06-18,8.6698,8.6834,8.5793,8.6112
2021-06-21,8.6108,8.6945,8.597,8.6935
2021-06-22,8.6857,8.7822,8.6586,8.771
2021-06-23,8.7662,8.7735,8.7338,8.7379
2021-06-24,8.7514,8.7686,8.7432,8.7458
2021-06-25,8.7462,8.7809,8.73,8.7315
2021-06-28,8.7368,8.772,8.7197,8.7197
2021-06-29,8.7151,8.7211,8.6878,8.7136
2021-06-30,8.7103,8.7496,8.6797,8.693
2021-07-01,8.6956,8.7112,8.668,8.6903
2021-07-02,8.6934,8.7252,8.6763,8.7218
2021-07-05,8.7239,8.7239,8.681,8.6862
2021-07-06,8.6907,8.7228,8.6732,8.696
2021-07-07,8.6904,8.711,8.6648,8.6648
2021-07-12,8.6809,8.7076,8.6571,8.6789
2021-07-13,8.6818,8.6906,8.6076,8.6179
2021-07-14,8.6277,8.6522,8.6079,8.6394
2021-07-15,8.6363,8.6457,8.5883,8.6028
2021-07-16,8.6054,8.6158,8.5856,8.5929
2021-07-19,8.5981,8.6301,8.5817,8.6122
2021-07-20,8.6142,8.6175,8.5569,8.5685
2021-07-21,8.5693,8.5818,8.5411,8.5636
2021-07-22,8.5591,8.607,8.5543,8.578
2021-07-23,8.5766,8.5895,8.5572,8.5628
2021-07-26,8.5657,8.6245,8.5554,8.6206
2021-07-27,8.612,8.6645,8.5972,8.6474
2021-07-28,8.6393,8.6723,8.5999,8.6612
2021-07-29,8.6658,8.6915,8.642,8.6743
2021-07-30,8.679,8.703,8.6371,8.6401
2021-08-02,8.6422,8.6776,8.6394,8.6548
2021-08-03,8.6472,8.6621,8.6237,8.6265
2021-08-04,8.6271,8.6522,8.6122,8.6122
2021-08-05,8.612,8.633,8.5977,8.6033
2021-08-06,8.6015,8.6137,8.5558,8.5621
2021-08-09,8.5718,8.5737,8.5314,8.5524
2021-08-10,8.5501,8.5576,8.5316,8.5394
2021-08-11,8.5372,8.5457,8.5159,8.5333
2021-08-12,8.535,8.5741,8.529,8.5521
2021-08-13,8.5542,8.6002,8.5434,8.5975
2021-08-16,8.5908,8.5978,8.5578,8.5719
2021-08-17,8.5737,8.5925,8.4794,8.4932
2021-08-18,8.49,8.5299,8.4808,8.5028
2021-08-19,8.5108,8.5115,8.4407,8.4467
2021-08-20,8.4511,8.4617,8.4009,8.4511
2021-08-23,8.4516,8.5195,8.4407,8.5005
2021-08-24,8.5047,8.5438,8.4926,8.5314
2021-08-25,8.5249,8.5497,8.5095,8.5358
2021-08-26,8.5313,8.5437,8.4957,8.5147
2021-08-27,8.5091,8.5304,8.4488,8.5054
2021-08-30,8.5078,8.5226,8.4698,8.4964
2021-08-31,8.4942,8.5174,8.4392,8.4564
2021-09-01,8.4655,8.4912,8.4356,8.477
2021-09-02,8.477,8.5155,8.4671,8.5144
2021-09-03,8.5142,8.5476,8.5141,8.5396
2021-09-06,8.5359,8.542,8.5189,8.5307
2021-09-07,8.5367,8.5908,8.536,8.554
2021-09-08,8.5417,8.5713,8.5248,8.5598
2021-09-09,8.5565,8.5663,8.5242,8.5461
2021-09-10,8.5473,8.5484,8.5104,8.511
2021-09-13,8.5187,8.5548,8.5016,8.5501
2021-09-14,8.5475,8.5984,8.544,8.5574
2021-09-15,8.557,8.5817,8.5464,8.562
2021-09-16,8.563,8.5639,8.5056,8.521
2021-09-17,8.5321,8.538,8.4779,8.4871
2021-09-20,8.4917,8.4952,8.4324,8.4877
2021-09-21,8.492,8.5123,8.4795,8.4804
2021-09-22,8.4821,8.5404,8.475,8.4827
2021-09-23,8.4955,8.5548,8.4815,8.551
2021-09-24,8.5526,8.5602,8.5167,8.5244
2021-09-27,8.5291,8.5475,8.4722,8.4827
2021-09-28,8.4828,8.5109,8.4671,8.4969
2021-09-29,8.4978,8.5043,8.4413,8.4423
2021-09-30,8.4387,8.4836,8.431,8.4691
2021-10-01,8.4692,8.4825,8.4382,8.4722
2021-10-04,8.478,8.5445,8.4687,8.5424
2021-10-05,8.5443,8.548,8.509,8.5274
2021-10-06,8.5276,8.5302,8.479,8.4914
2021-10-07,8.492,8.5309,8.4891,8.5162
2021-10-08,8.5142,8.606,8.5115,8.6006
2021-10-11,8.6006,8.6401,8.5982,8.6042
2021-10-12,8.5981,8.6365,8.5726,8.5939
2021-10-13,8.591,8.6641,8.5822,8.6641
2021-10-14,8.6653,8.7457,8.6584,8.6805
2021-10-15,8.6829,8.7179,8.6689,8.7141
2021-10-18,8.7122,8.7251,8.6786,8.6854
2021-10-19,8.6822,8.7365,8.6822,8.7096
2021-10-20,8.6932,8.7199,8.6787,8.7059
2021-10-21,8.7172,8.7304,8.6905,8.7017
2021-10-22,8.6971,8.7495,8.687,8.7463
2021-10-25,8.7432,8.7674,8.7115,8.7261
2021-10-26,8.7224,8.7353,8.6843,8.6906
2021-10-27,8.692,8.7627,8.6916,8.738
2021-10-28,8.7395,8.7876,8.6981,8.783
2021-10-29,8.7809,8.8005,8.7161,8.7208
2021-11-01,8.7124,8.7914,8.6986,8.7852
2021-11-02,8.7926,8.7926,8.6969,8.6993
2021-11-03,8.7092,8.7318,8.6827,8.7211
2021-11-04,8.7265,8.7341,8.6647,8.6718
2021-11-05,8.6683,8.6698,8.6305,8.6537
2021-11-08,8.6483,8.6611,8.5877,8.6178
2021-11-09,8.6139,8.6744,8.6134,8.6513
2021-11-10,8.6496,8.6504,8.5373,8.5451
2021-11-11,8.5459,8.563,8.5183,8.5243
2021-11-12,8.5249,8.5472,8.4829,8.4869
2021-11-15,8.4879,8.5136,8.4493,8.4506
2021-11-16,8.4524,8.4749,8.366,8.3716
2021-11-17,8.3741,8.3971,8.3365,8.376
2021-11-18,8.3806,8.3895,8.347,8.3615
2021-11-19,8.3581,8.37,8.3049,8.3057
2021-11-22,8.3054,8.3177,8.2503,8.2725
2021-11-23,8.2748,8.2922,8.2261,8.2311
2021-11-24,8.2325,8.2394,8.1592,8.17
2021-11-25,8.1682,8.2238,8.1682,8.1987
2021-11-26,8.1548,8.2501,8.1548,8.2059
2021-11-29,8.205,8.2798,8.193,8.2726
2021-11-30,8.2678,8.326,8.2482,8.3226
2021-12-01,8.3237,8.3286,8.252,8.2573
2021-12-02,8.2568,8.3015,8.2436,8.2821
2021-12-03,8.2809,8.283,8.2034,8.2244
2021-12-06,8.2222,8.2992,8.2055,8.2855
2021-12-07,8.2879,8.3353,8.2557,8.2868
2021-12-08,8.2823,8.3524,8.2823,8.3408
2021-12-09,8.3359,8.3552,8.3137,8.3374
2021-12-10,8.3362,8.3726,8.3167,8.3653
2021-12-13,8.3488,8.3626,8.3144,8.3294
2021-12-14,8.332,8.3689,8.306,8.3182
2021-12-15,8.3119,8.4105,8.3083,8.4094
2021-12-16,8.3993,8.4582,8.3774,8.4374
2021-12-17,8.4236,8.4488,8.3263,8.3263
2021-12-20,8.3101,8.3257,8.2688,8.2889
2021-12-21,8.2911,8.2926,8.2423,8.2924
2021-12-22,8.2878,8.3139,8.2514,8.3135
2021-12-23,8.3088,8.3181,8.231,8.2691
2021-12-24,8.2552,8.2878,8.2093,8.2365
2021-12-27,8.2251,8.2466,8.2036,8.2323
2021-12-28,8.2358,8.2582,8.2143,8.2472
2021-12-29,8.2475,8.2625,8.2205,8.2594
2021-12-30,8.2576,8.2622,8.2006,8.2316
2021-12-31,8.2272,8.246,8.181,8.2398
2022-01-03,8.2381,8.2381,8.1419,8.1634
2022-01-04,8.1625,8.2179,8.1609,8.1967
2022-01-05,8.1914,8.2212,8.147,8.1528
2022-01-06,8.1518,8.1764,8.1208,8.1303
2022-01-07,8.1331,8.2098,8.1197,8.2073
2022-01-10,8.1997,8.2017,8.1003,8.1294
2022-01-11,8.129,8.1667,8.121,8.165
2022-01-12,8.1667,8.2582,8.1645,8.2498
2022-01-13,8.2485,8.2998,8.2466,8.273
2022-01-14,8.2751,8.3219,8.2003,8.2142
2022-01-17,8.2412,8.2496,8.21,8.2312
2022-01-18,8.2315,8.2487,8.1503,8.1578
2022-01-19,8.1623,8.1808,8.1469,8.1679
2022-01-20,8.166,8.1843,8.0606,8.0677
2022-01-21,8.0661,8.1255,8.0625,8.0903
2022-01-24,8.0889,8.1163,7.9966,8.0565
2022-01-25,8.0655,8.0814,8.0229,8.0726
2022-01-26,8.0745,8.1005,8.0557,8.0557
2022-01-27,8.0449,8.0641,7.9999,8.0054
2022-01-28,8.0099,8.0231,7.9143,7.9536
2022-01-31,7.9603,8.0162,7.9519,7.9937
2022-02-01,7.9953,8.0923,7.9825,8.0697
2022-02-02,8.0657,8.1464,8.0625,8.1315
2022-02-03,8.1318,8.2223,8.1152,8.2153
2022-02-04,8.2054,8.2459,8.1484,8.1579
2022-02-07,8.1714,8.1859,8.1373,8.1752
2022-02-08,8.1804,8.194,8.1401,8.1709
2022-02-09,8.1701,8.2392,8.1672,8.2036
2022-02-10,8.1998,8.2524,8.0812,8.0925
2022-02-11,8.0436,8.1482,8.0436,8.1303
2022-02-14,8.0811,8.1029,7.9982,8.0642
2022-02-15,8.0649,8.1237,8.0531,8.0925
2022-02-16,8.0928,8.1101,8.0618,8.0877
2022-02-17,8.0816,8.091,8.0059,8.0369
2022-02-18,8.0341,8.0544,7.9318,7.9455
2022-02-21,7.9367,7.9915,7.889,7.8916
2022-02-22,7.8933,8.0209,7.8894,7.9944
2022-02-23,7.9952,8.0184,7.9412,7.9412
2022-02-24,7.941,7.9582,7.8354,7.9468
2022-02-25,7.9684,7.9999,7.9006,7.9978
2022-02-28,7.8546,7.9986,7.8337,7.9683
2022-03-01,7.9766,7.9781,7.8249,7.855
2022-03-02,7.8579,7.8686,7.763,7.8218
2022-03-03,7.8156,7.8244,7.7617,7.7896
2022-03-04,7.7878,7.7926,7.6737,7.7601
2022-03-07,7.7051,7.7648,7.6626,7.6927
2022-03-08,7.7303,7.7908,7.6676,7.7351
2022-03-09,7.7246,7.9027,7.7246,7.8874
2022-03-10,7.8616,7.924,7.814,7.8683
2022-03-11,7.866,7.9581,7.8377,7.8841
2022-03-14,7.8664,8.0085,7.8506,7.9492
2022-03-15,7.9511,8.0037,7.921,7.9268
2022-03-16,7.9294,8.1046,7.9294,8.1046
2022-03-17,8.0873,8.1051,8.0098,8.0723
2022-03-18,8.0664,8.0884,8.0276,8.0763
2022-03-21,8.0705,8.0879,8.0238,8.0345
2022-03-22,8.0274,8.0927,8.0051,8.0681
2022-03-23,8.0621,8.1145,8.0514,8.1014
2022-03-24,8.0917,8.1246,8.0615,8.0985
2022-03-25,8.1084,8.1298,8.0845,8.0904
2022-03-28,8.0989,8.1002,7.9652,8.0212
2022-03-29,8.0222,8.1635,7.999,8.1101
2022-03-30,8.1133,8.2053,8.1111,8.1938
2022-03-31,8.2068,8.2101,8.0738,8.0802
2022-04-01,8.0863,8.1295,8.0691,8.1138
2022-04-04,8.1091,8.1105,7.9892,8.005
2022-04-05,8.0034,8.0474,7.9924,7.998
2022-04-06,8.0018,8.0652,7.9818,8.0071
2022-04-07,8.0015,8.0596,7.9929,8.0223
2022-04-08,8.0255,8.0492,7.998,8.0279
2022-04-11,8.0442,8.06,7.9753,7.9763
2022-04-12,7.9785,8.0463,7.9651,7.9982
2022-04-13,7.9892,8.0335,7.9632,8.0296
2022-04-14,8.0301,8.0758,7.9629,8.011
2022-04-15,8.0012,8.0019,7.9875,7.9945
